,name,id
0,bushfire,1
1,Sustainable Development,2
2,Antarctic,3
3,low levels,4
4,North,5
5,motion,6
6,carbon is,7
7,carbon scrubbers,8
8,120,9
9,consistent,10
10,Orbit,11
11,Francisco,12
12,Fires,13
13,Carbon Observatory,14
14,environmental,15
15,Global Precipitation,16
16,feature,17
17,precipitation,18
18,originate,19
19,Freilich,20
20,firm,21
21,levels,22
22,tech,23
23,Hawthorne,24
24,Vital,25
25,heat,26
26,positioned,27
27,luminosity,28
28,fall,29
29,heat during,30
30,GreenFreeze,31
31,Conservation,32
32,happy,33
33,Boulder,34
34,global impacts,35
35,Glenn,36
36,expectations,37
37,global transport,38
38,Reserve,39
39,violating,40
40,equally,41
41,planet,42
42,changing,43
43,extra,44
44,global survey,45
45,Sea surface,46
46,atmosphere,47
47,Rainforest,48
48,global measurement,49
49,scientist,50
50,drifting,51
51,65,52
52,designs,53
53,bump,54
54,carbon balance,55
55,70,56
56,whether,57
57,nature,58
58,Diverse,59
59,sea.,60
60,G19 resolve,61
61,glaciers,62
62,hazards,63
63,ClickClean,64
64,insider,65
65,Bight,66
66,carbon fluctuations,67
67,poring,68
68,carbon cycle,69
69,Putin,70
70,conditions,71
71,Flooded,72
72,pores,73
73,clearest,74
74,ecosystem,75
75,carbon was,76
76,row,77
77,Wildfires,78
78,deltas,79
79,vital,80
80,CERES,81
81,contracted,82
82,3:37,83
83,heat and,84
84,green,85
85,Aerospace,86
86,electromagnetic,87
87,EST,88
88,IEA,89
89,ISS,90
90,famous,91
91,polar,92
92,carbon.,93
93,weather,94
94,Biosphere,95
95,forests,96
96,suggest,97
97,ozone,98
98,"carbon,",99
99,shores,100
100,biodiversity,101
101,RapidScat,102
102,carbon neutrality,103
103,Global Climate,104
104,glacial,105
105,promise,106
106,its levels,107
107,Ríos,108
108,firefighters,109
109,glacier,110
110,C,111
111,songbirds,112
112,global issue,113
113,points,114
114,Ellington,115
115,father,116
116,Global protests,117
117,deadliest,118
118,Applications,119
119,Biodiversity,120
120,deforestation,121
121,Birder,122
122,global ice,123
123,fans,124
124,wildfires,125
125,sea surface,126
126,climate,127
127,sea and,128
128,Global heatwaves,129
129,GMOs,130
130,carbon gases,131
131,operators,132
132,Orbiting,133
133,Global Hawk,134
134,carbon absorption,135
135,fires,136
136,formation,137
137,Global Selfie,138
138,Harvest,139
139,continent,140
140,precipitation data,141
141,carbon in,142
142,failures,143
143,Weather,144
144,Level,145
145,Columbia,146
146,dioxide levels,147
147,Oceans,148
148,Climate,149
149,pollution,150
150,northwest,151
151,global response,152
152,phenomena,153
153,energy,154
154,Estuary,155
155,participation,156
156,Fossil Fuels,157
157,temperature,158
158,Feminism,159
159,Humpback,160
160,Scientist,161
161,carbon and,162
162,Bengal,163
163,Constellation,164
164,Energy,165
165,cleanest,166
166,carbon stored,167
167,carbon storage,168
168,Canada,169
169,negotiations,170
170,obscuring,171
171,ABoVE,172
172,fails,173
173,closest,174
174,northeastern,175
175,global warming,176
176,Forests,177
177,"precipitation,",178
178,global health,179
179,Lydia,180
180,Fossil fuel,181
181,Sustainable Use,182
182,Northwest,183
183,Gyre,184
184,total,185
185,sea level,186
186,Ecosystems,187
187,Ocean,188
188,dire,189
189,AI,190
190,proven,191
191,explain,192
192,mid-2030s,193
193,temperate,194
194,joined,195
195,Implementation,196
196,Sea.,197
197,test,198
198,global economies,199
199,FO,200
200,App,201
201,constellation,202
202,mortality,203
203,ECOSTRESS,204
204,350,205
205,underscores,206
206,family,207
207,fossil capital,208
208,Planet,209
209,E.,210
210,sea ice,211
211,Elevation,212
212,ozone-,213
213,Everest,214
214,Biden,215
215,Carbon offsets,216
216,rover,217
217,ExxonMobil,218
218,fuel,219
219,Institute,220
220,level,221
221,them,222
222,type,223
223,thickness,224
224,Intergovernmental,225
225,Sea April,226
226,Glacier,227
227,precipitation locally,228
228,characterized,229
229,ice,230
230,global surface,231
231,Sure,232
232,carbon frozen,233
233,S.,234
234,Nature,235
235,"sea,",236
236,universe,237
237,Gulf,238
238,fourth,239
239,Greenpeace,240
240,Atlantic,241
241,global carbon,242
242,sea along,243
243,Satellite,244
244,moisture,245
245,EDT,246
246,ocean,247
247,finalise,248
248,Sea level,249
249,dubious,250
250,Global forests,251
251,ecological,252
252,profoundly,253
253,Birding,254
254,Sea Ice,255
255,elections,256
256,Temperature,257
257,severity,258
258,global sea levels,259
259,force,260
260,global cloud,261
261,global impact,262
262,Warrior,263
263,precipitation and,264
264,sea to,265
265,West,266
266,Climatologist,267
267,CitizenClimate,268
268,sea-,269
269,global levels,270
270,blank,271
271,features,272
272,Antarctica,273
273,sustainability,274
274,U.S.,275
275,Carbon Observatory-2,276
276,heat from,277
277,pressure,278
278,Sea from,279
279,pulsations,280
280,Finalist,281
281,Arabia,282
282,Global concentrations,283
283,dramatic,284
284,Environment,285
285,newest,286
286,earliest,287
287,carbon propulsion,288
288,Above,289
289,GPS,290
290,ECOsystem,291
291,heat the,292
292,Deforestation,293
293,missions,294
294,/,295
295,favourite,296
296,Island,297
297,contrails,298
298,fire,299
299,location,300
300,birds,301
301,Guabo,302
302,mapped,303
303,heat between,304
304,find,305
305,global land,306
306,panel,307
307,Aerosols,308
308,Global South,309
309,Europe,310
310,Water,311
311,heat wave,312
312,earth,313
313,civilizations,314
314,Bird,315
315,oceans,316
316,outside,317
317,combined,318
318,measurement,319
319,either,320
320,global outlook,321
321,Glaciers,322
322,fossil fuels,323
323,carbon from,324
324,Ice,325
325,inspire,326
326,brutal,327
327,global vegetation,328
328,Ecosystem,329
329,minimum,330
330,turned,331
331,Fire,332
332,Atlas,333
333,Graeme,334
334,orbit,335
335,explores,336
336,sea creatures,337
337,productivity,338
338,Exxon,339
339,variably,340
340,warned,341
341,Amazon,342
342,efficient,343
343,flooded,344
344,Forest,345
345,rainforest,346
346,salinity,347
347,Sustainable Livelihoods,348
348,Precipitation Measurement Missions,349
349,carbon offsets,350
350,figures,351
351,carbon dioxide,352
352,sea salt,353
353,Green,354
354,largest,355
355,Beijing,356
356,global sea level,357
357,fossil fuel,358
358,aerosols,359
359,exposing,360
360,longest,361
361,BP,362
362,Arctic,363
363,bit,364
364,island,365
365,equatorial,366
366,pools,367
367,carbon uptake,368
368,Endangered,369
369,Environmental,370
370,carbon estimates,371
371,beaches,372
372,exchange,373
373,disturbing,374
374,carbon into,375
375,wildfire,376
376,carbon emissions,377
377,Gary,378
378,element,379
379,transformation,380
380,galactic,381
381,global effects,382
382,figured,383
383,reserve,384
384,phenomenon,385
385,forms,386
386,Starting,387
387,Earth,388
388,Sea ice,389
389,Atmospheric,390
390,blizzards,391
391,habitat,392
392,bird,393
393,extents,394
394,experimental,395
395,entire,396
396,satellite,397
397,Global climate,398
398,biological,399
399,sea water,400
400,Carbon Observatory-3,401
401,Monte,402
402,Japan,403
403,transition,404
404,1/2,405
405,carbon footprint,406
406,global,407
407,mechanisms,408
408,becoming,409
409,precipitation with global,410
410,diverse,411
411,water,412
412,Conserving,413
413,sea levels,414
414,course,415
415,Sahara,416
416,global average,417
417,projects,418
418,there,419
419,global concentration,420
420,production,421
421,Colombia,422
422,Aura,423
423,environment,424
424,elsewhere,425
425,equity,426
426,"global """,427
427,discuss,428
428,GlobalSelfie,429
429,Habitat,430
430,global sea,431
431,urgent,432
432,this,433
433,heat.,434
434,ecosystems,435
435,records,436
436,sea turtles,437
437,temperatures,438
438,Sea-,439
439,dietary,440
440,tailpipe,441
441,Ozone,442
442,Yet,443
443,back,444
444,Global survey,445
445,computing,446
446,words,447
447,Biological,448
448,Harris,449
449,climatologist,450
450,Extinction,451
451,exploding,452
452,developed,453
453,carbon monoxide,454
454,panels,455
455,conservation,456
456,awards,457
457,theater,458
458,Exploration,459
459,Awards,460
460,institutions,461
461,Spectacular,462
462,population,463
463,Announces,464
464,unexplained,465
465,facilitated,466
466,forest,467
467,Alaskan,468
468,High-tide flood...,469
469,Photo of Last J...,470
470,IPCC report mus...,471
471,A new assessmen...,472
472,New analysis on...,473
473,NASA is sending...,474
474,A comprehensive...,475
475,Severe flooding...,476
476,Using ground an...,477
477,Why shipping ne...,478
478,Greenpeace ship...,479
479,A new study by ...,480
480,NASA Goddard Sp...,481
481,NASA's Tropical...,482
482,Can the pandemi...,483
483,NASA is studyin...,484
484,Oil industry gi...,485
485,Two new studies...,486
486,Our Earth is an...,487
487,Greenpeace bloc...,488
488,Innovations in ...,489
489,Jonas Peters's ...,490
490,The year 2014 r...,491
491,New research fi...,492
492,A new JPL/Calif...,493
493,Principal Inves...,494
494,Loss of water f...,495
495,Climate science...,496
496,Kinder Morgan s...,497
497,New study resul...,498
498,Learn about sea...,499
499,On Earth Day th...,500
500,A new study sho...,501
501,Aerosols can da...,502
502,Pakistan water ...,503
503,Why Net Zero an...,504
504,With the Arctic...,505
505,A NASA research...,506
506,Global protests...,507
507,NASA airborne i...,508
508,"Every day, abov...",509
509,A new NASA-fund...,510
510,Taiwanese movie...,511
511,In the face of ...,512
512,NASA data show ...,513
513,JPL's visualiza...,514
514,A new way to de...,515
515,A quarter to ha...,516
516,An area of the ...,517
517,A consensus is ...,518
518,The launch of N...,519
519,Plastic worsens...,520
520,Flying 200 mph ...,521
521,The first globa...,522
522,The climate cri...,523
523,Greenpeace star...,524
524,Continuous moni...,525
525,The U.S. Nation...,526
526,Why we’ve had e...,527
527,200 environment...,528
528,I mostly grew u...,529
529,As Arctic summe...,530
530,COP26: Greenpea...,531
531,Conservation ar...,532
532,New NASA data s...,533
533,"On March 15, 20...",534
534,March 2017 was ...,535
535,The year 2021 t...,536
536,Is Earth perfec...,537
537,Opportunities f...,538
538,The Arctic's se...,539
539,April 2017 was ...,540
540,In a year when ...,541
541,NASA has begun ...,542
542,According to th...,543
543,‘Clean air isn’...,544
544,NASA scientist ...,545
545,"Jason-3, a new ...",546
546,The Global Prec...,547
547,Data from a JPL...,548
548,To investigate ...,549
549,Up to two-third...,550
550,"Share, download...",551
551,A new river sur...,552
552,A NASA-led stud...,553
553,If there were n...,554
554,Book excerpt: E...,555
555,8 women fightin...,556
556,Earth's atmosph...,557
557,NASA's CORAL ca...,558
558,Greenpeace: Pro...,559
559,Across NASA’s m...,560
560,Farewell to TES...,561
561,A warming clima...,562
562,Data collected ...,563
563,Earth's global ...,564
564,The U.S. and Eu...,565
565,What I learned ...,566
566,New satellite d...,567
567,Nissan’s first ...,568
568,Climate Emergen...,569
569,NASA scientists...,570
570,"Deforestation, ...",571
571,How Greenpeace ...,572
572,From the vantag...,573
573,It’s time to ri...,574
574,10 things you’v...,575
575,The observation...,576
576,The Sentinel-6/...,577
577,Due to ice's im...,578
578,Global heatwave...,579
579,Nature is Calli...,580
580,Earth’s atmosph...,581
581,Temperature and...,582
582,NASA's ISS-Rapi...,583
583,Connect with NA...,584
584,"Move over, prec...",585
585,A recent study ...,586
586,The number of i...,587
587,A NASA study ba...,588
588,Three-dimension...,589
589,The amount of m...,590
590,Deep sea mining...,591
591,NCI Leads Creat...,592
592,Increasingly fr...,593
593,Formerly the is...,594
594,Most of us are ...,595
595,The laser instr...,596
596,A study ties fe...,597
597,FORAGUA Water F...,598
598,JPL ice expert ...,599
599,Coral reefs are...,600
600,Activists from ...,601
601,Sea ice in the ...,602
602,The science ins...,603
603,What a green an...,604
604,NASA Earth scie...,605
605,Switching on to...,606
606,Shell in South ...,607
607,These 12 car co...,608
608,A research prog...,609
609,NASA's first sp...,610
610,NASA sponsors a...,611
611,Greenpeace: Cli...,612
612,How JBS is stil...,613
613,An instrument o...,614
614,A pair of new s...,615
615,COP26: Everythi...,616
616,A polar vortex ...,617
617,Making Great St...,618
618,Warm temperatur...,619
619,The tool will h...,620
620,Scientists usin...,621
621,Meltwater river...,622
622,IEA says no new...,623
623,Israel’s month ...,624
624,A NASA field ca...,625
625,"For kids, paren...",626
626,"NASA's IceCube,...",627
627,Smoke and human...,628
628,Arctic and Anta...,629
629,A powerful new ...,630
630,I spend a lot o...,631
631,Permafrost in t...,632
632,Swiss Climate S...,633
633,Justice takes c...,634
634,A NASA airborne...,635
635,After Hurricane...,636
636,"In May 1937, 27...",637
637,NASA data are b...,638
638,Springtime intr...,639
639,October 2016 wa...,640
640,NASA’s decade-l...,641
641,A new NASA fore...,642
642,The climate gen...,643
643,As Earth’s atmo...,644
644,April and May 2...,645
645,Greenpeace sues...,646
646,A stand against...,647
647,Striking the Ba...,648
648,The world's lar...,649
649,At least as far...,650
650,A United Nation...,651
651,Greenpeace back...,652
652,As NASA's Opera...,653
653,Our favourite p...,654
654,When wildfires ...,655
655,2013 was the se...,656
656,A SpaceX Falcon...,657
657,When you fill a...,658
658,What is fossil ...,659
659,Progress slow a...,660
660,Greenpeace join...,661
661,A new NASA tool...,662
662,Thick smoke fro...,663
663,NASA Glenn Rese...,664
664,Survivors fight...,665
665,Latest text pub...,666
666,Glaciers in the...,667
667,The length of t...,668
668,"La Niña, ""the d...",669
669,"Norman Loeb, an...",670
670,How you can tak...,671
671,Days after its ...,672
672,The ice is disa...,673
673,Why is the Arct...,674
674,Asia's high mou...,675
675,Last week a Eur...,676
676,More than a tri...,677
677,New COP26 Draft...,678
678,One-hundred peo...,679
679,Flaring of wast...,680
680,When plants pho...,681
681,Sea ice increas...,682
682,New research us...,683
683,Historic verdic...,684
684,Climate action ...,685
685,A new evaluatio...,686
686,Land ecosystems...,687
687,As glaciers flo...,688
688,Greenpeace: 11t...,689
689,A NASA mission ...,690
690,A major ocean c...,691
691,Why the world’s...,692
692,Scientists have...,693
693,Economists are ...,694
694,Sidebar: Climat...,695
695,September 2016 ...,696
696,An Interview wi...,697
697,Leaders' meagre...,698
698,Securing Clean ...,699
699,To learn how oc...,700
700,As sea levels r...,701
701,Indigenous Shua...,702
702,So just how doe...,703
703,A space borne i...,704
704,Is global warmi...,705
705,A Global South ...,706
706,Celebrating its...,707
707,The ravages of ...,708
708,Why is Greenpea...,709
709,Solar-power pla...,710
710,Vegetation grow...,711
711,Teams are heade...,712
712,What happens to...,713
713,View pictures o...,714
714,China USA State...,715
715,Using an innova...,716
716,PRISM is advanc...,717
717,"A study shows, ...",718
718,Climate leaders...,719
719,Green(washing) ...,720
720,The 2015 annual...,721
721,The heat from w...,722
722,Coca-Cola it’s ...,723
723,UPDATE: Greenpe...,724
724,Our favourite s...,725
725,Aerosol particl...,726
726,A NASA study ha...,727
727,The first year ...,728
728,Don’t get the i...,729
729,Educator worksh...,730
730,If somebody had...,731
731,More than a doz...,732
732,Residents of Be...,733
733,A huge lake of ...,734
734,Greenpeace hold...,735
735,The Jason-2 mis...,736
736,To honor the da...,737
737,New Map Identif...,738
738,Spectacular clo...,739
739,#CitizenClimate...,740
740,"One week in, tw...",741
741,NASA’s new 3-di...,742
742,Sea level rise ...,743
743,A new NASA/univ...,744
744,The newest addi...,745
745,NASA's ECOSTRES...,746
746,Four internatio...,747
747,IPCC report rev...,748
748,From podcasts t...,749
749,Mid-elevation f...,750
750,The cold waters...,751
751,Greenpeace: G20...,752
752,There’s nothing...,753
753,Meet 12 climate...,754
754,Plants are leaf...,755
755,A new NASA sate...,756
756,Has the zombie ...,757
757,Feminism and en...,758
758,ING Bank on the...,759
759,Through its Rap...,760
760,The American In...,761
761,NASA is applyin...,762
762,After nearly tw...,763
763,NASA’s astrobio...,764
764,What does the b...,765
765,The annual grow...,766
766,Earth is a beau...,767
767,A new NASA-led ...,768
768,Part 1 of a two...,769
769,NASA will celeb...,770
770,Such detailed m...,771
771,From 2009 throu...,772
772,Wildfires are o...,773
773,Shifts in clima...,774
774,We launch a new...,775
775,Droughts in the...,776
776,Scientists demo...,777
777,Biodiversity lo...,778
778,"In humans, a fe...",779
779,What swallows L...,780
780,Justice in the ...,781
781,NASA’s Jet Prop...,782
782,Apple Clean Ene...,783
783,Data from ocean...,784
784,Almost a year a...,785
785,Bangladesh offi...,786
786,Fires burning i...,787
787,2021's Climate ...,788
788,Public developm...,789
789,Fifty years ago...,790
790,ICESat-2 will p...,791
791,GCAS shows sign...,792
792,Ion propulsion ...,793
793,As political le...,794
794,The Southern Oc...,795
795,A new NASA and ...,796
796,The wintertime ...,797
797,Getting to 100 ...,798
798,A short-lived r...,799
799,TotalEnergies a...,800
800,A New Protected...,801
801,Antarctica's Pi...,802
802,NCI Acts as Lea...,803
803,A new study sug...,804
804,The Norwegian S...,805
805,"93,000 Acres of...",806
806,A powerful cold...,807
807,A laser-based i...,808
808,10 inspiring en...,809
809,Climate Seniors...,810
810,Sea-surface hei...,811
811,The two regions...,812
812,The 2017 hurric...,813
813,To aid policyma...,814
814,January 2017 wa...,815
815,Ice fronts have...,816
816,I made 1000 peo...,817
817,NASA will host ...,818
818,Why we are taki...,819
819,Fossil Fuels ar...,820
820,NASA's green av...,821
821,GRACE Follow-On...,822
822,"In 2015: 190,00...",823
823,Air quality imp...,824
824,Ecuadorian Gove...,825
825,New NASA satell...,826
826,"This year, NASA...",827
827,From a dusty at...,828
828,"Recently, we pu...",829
829,It's been a bus...,830
830,10 women from t...,831
831,To celebrate th...,832
832,Earth’s 2016 su...,833
833,South Korea ple...,834
834,Greenland and A...,835
835,These photos fr...,836
836,An airborne cam...,837
837,Sea ice thickne...,838
838,A new way of st...,839
839,A small differe...,840
840,Even NASA satel...,841
841,Food production...,842
842,May 2018 is the...,843
843,A new study rev...,844
844,A new index sho...,845
845,Big brands must...,846
846,We are going to...,847
847,Analysis of Lan...,848
848,Study by Nature...,849
849,“It’s like look...,850
850,Let’s ban fossi...,851
851,Swiss Federal C...,852
852,These four clim...,853
853,Earth’s global ...,854
854,Saudi Arabia is...,855
855,Jaguar Sighting...,856
856,Planned defores...,857
857,Empty water res...,858
858,Nine ways human...,859
859,A super-charged...,860
860,NASA-supported ...,861
861,NASA’s airborne...,862
862,In this new ser...,863
863,The scientific ...,864
864,In the galactic...,865
865,Digital measure...,866
866,The principal i...,867
867,Blending standa...,868
868,A study looks i...,869
869,Above Santa Bar...,870
870,"Clouds, which c...",871
871,Your generosity...,872
872,Car industry’s ...,873
873,Over the past 1...,874
874,Millions of peo...,875
875,"The missions, i...",876
876,The world's new...,877
877,Take a peek at ...,878
878,Milestone Natio...,879
879,Why industrial ...,880
880,We’ve got 10 ye...,881
881,Scientists at N...,882
882,Initial results...,883
883,The first Regio...,884
884,Scientists from...,885
885,The play 'Dr. K...,886
886,Learning to loo...,887
887,Launching soon ...,888
888,NASA has powere...,889
889,NASA is releasi...,890
890,NASA and the Fr...,891
891,NASA finds sea ...,892
892,The retreat of ...,893
893,Inspired by how...,894
894,NASA’s Precipit...,895
895,"On most days, r...",896
896,NASA data light...,897
897,Best Greenpeace...,898
898,Why is Antarcti...,899
899,"NCI, Indigenous...",900
900,Researchers wer...,901
901,For the entire ...,902
902,The sun lighten...,903
903,"In Indonesia, v...",904
904,In September 20...,905
905,Three ways the ...,906
906,Countries most ...,907
907,The Arctic is h...,908
908,Where on Earth ...,909
909,Extreme weather...,910
910,"On October 29, ...",911
911,NCI’s Land Purc...,912
912,Bolsonaro is a ...,913
913,Mayors from 14 ...,914
914,To get an entir...,915
915,Critical Páramo...,916
916,Season three co...,917
917,3 women on what...,918
918,Greenpeace turn...,919
919,Greenpeace inve...,920
920,A new animation...,921
921,A first-ever pa...,922
922,Northern parts ...,923
923,Wildfires drive...,924
924,Scientists aboa...,925
925,New data on how...,926
926,Once in orbit a...,927
927,Ten key points ...,928
928,July 2016 was t...,929
929,Why we need to ...,930
930,The 15-year-old...,931
931,A single season...,932
932,NASA Earth expl...,933
933,The San Diego U...,934
934,"23,000 Acre Res...",935
935,Earth’s 2015 su...,936
936,While satellite...,937
937,Youth take Arct...,938
938,The mission onb...,939
939,"For 10 years, i...",940
940,A letter to She...,941
941,Venus may have ...,942
942,The 2015-2016 E...,943
943,The swirling fl...,944
944,The Amazon rain...,945
945,Atmospheric car...,946
946,Fighting defore...,947
947,A NASA-led team...,948
948,New COP26 final...,949
949,IPCC report poi...,950
950,Postcard from 2...,951
951,G7 leaves vulne...,952
952,The expansion o...,953
953,"In the 1900s, t...",954
954,A space-based s...,955
955,A new study fro...,956
956,This is a new i...,957
957,Court rules aga...,958
958,Windy regions h...,959
959,Some scientists...,960
960,Plastics aren’t...,961
961,A space borne s...,962
962,Part Three side...,963
963,For almost half...,964
964,Anyone with a c...,965
965,A New Conservat...,966
966,Renowned biolog...,967
967,To better under...,968
968,Climate pilgrim...,969
969,Data from the m...,970
970,Using 12 years ...,971
971,Greenpeace Cana...,972
972,A new NASA Eart...,973
973,NASA and Britis...,974
974,US Federal Cour...,975
975,Biodiversity & ...,976
976,Set for launch ...,977
977,"Sea level ""fing...",978
978,Small cyclical ...,979
979,A new tool may ...,980
980,A new NASA airb...,981
981,Campaigners war...,982
982,Saving Habitat ...,983
983,NASA's Soil Moi...,984
984,A visualization...,985
985,NASA has found ...,986
986,The joint U.S.-...,987
987,Less than three...,988
988,A discovery add...,989
989,This secretive ...,990
990,Satellite instr...,991
991,Where is most o...,992
992,New IPCC climat...,993
993,The Getz Ice Sh...,994
994,A simple molecu...,995
995,Tennis fans cal...,996
996,World’s most vu...,997
997,"The ""atmospheri...",998
998,Protecting a Bi...,999
999,NASA’s ECOSTRES...,1000
1000,Smoke from seve...,1001
1001,During the week...,1002
1002,The beginning o...,1003
1003,As the climate ...,1004
1004,A NASA-led effo...,1005
1005,New NASA maps s...,1006
1006,Greenpeace capt...,1007
1007,Sensors on thre...,1008
1008,Humpback whale ...,1009
1009,Global forests ...,1010
1010,How much does i...,1011
1011,The instrument ...,1012
1012,The Arctic appe...,1013
1013,Rainbow Warrior...,1014
1014,After a decade ...,1015
1015,The fossil fuel...,1016
1016,NASA has funded...,1017
1017,Launch of the G...,1018
1018,A 9-year-old’s ...,1019
1019,A new simulatio...,1020
1020,NCI-Peru Press ...,1021
1021,There’s never a...,1022
1022,"In 2012, the co...",1023
1023,How do you star...,1024
1024,Google recently...,1025
1025,A scientific in...,1026
1026,Northern and we...,1027
1027,"Worldwide, 2012...",1028
1028,Satellite data ...,1029
1029,A lack of polit...,1030
1030,As the Arctic w...,1031
1031,November 2017 w...,1032
1032,How oceans play...,1033
1033,A graphic from ...,1034
1034,The First Water...,1035
1035,Huamboya Munici...,1036
1036,Climate change ...,1037
1037,Over 100 Marsha...,1038
1038,A NASA spacecra...,1039
1039,Images crafted ...,1040
1040,Nature and Cult...,1041
1041,As the ice-and-...,1042
1042,Storms get all ...,1043
1043,Only about 25 p...,1044
1044,A year of recor...,1045
1045,To Robert Green...,1046
1046,Sunlight is a p...,1047
1047,A team of engin...,1048
1048,Not all space m...,1049
1049,For more than a...,1050
1050,El Niño conditi...,1051
1051,NASA’s Plankton...,1052
1052,Ocean-winds dat...,1053
1053,Designed to spo...,1054
1054,You control ice...,1055
1055,A decade after ...,1056
1056,New Reserve in ...,1057
1057,An iceberg abou...,1058
1058,Human activitie...,1059
1059,Where does all ...,1060
1060,According to in...,1061
1061,An ultra-high-r...,1062
1062,We can either a...,1063
1063,In time for the...,1064
1064,Nature is calli...,1065
1065,Sustainable Liv...,1066
1066,Scientists with...,1067
1067,The Petermann G...,1068
1068,September 2017 ...,1069
1069,"The ""butterfly ...",1070
1070,Fossil fuel pro...,1071
1071,EU elections ar...,1072
1072,Colombia Create...,1073
1073,Earlier this ye...,1074
1074,Key Water Sourc...,1075
1075,Thwaites Glacie...,1076
1076,As Earth's clim...,1077
1077,Shuar Communiti...,1078
1078,Glaciers in a r...,1079
1079,Mangroves are a...,1080
1080,Organisations t...,1081
1081,We must break t...,1082
1082,Rainforest Cons...,1083
1083,Judgement bring...,1084
1084,Animations we l...,1085
1085,NASA’s Cyclone ...,1086
1086,Amidst this cli...,1087
1087,Two key climate...,1088
1088,A message on di...,1089
1089,NCI Assists in ...,1090
1090,Between the lof...,1091
1091,Earth is a pale...,1092
1092,New Protected A...,1093
1093,Using data from...,1094
1094,While one scien...,1095
1095,According to a ...,1096
1096,Like a cowboy a...,1097
1097,South America's...,1098
1098,Mongabay.com In...,1099
1099,A new NASA fiel...,1100
1100,NASA researcher...,1101
1101,A NASA-led scie...,1102
1102,Hothouse Earth...,1103
1103,How will Antarc...,1104
1104,Green jobs must...,1105
1105,A space-borne l...,1106
1106,Antarctica show...,1107
1107,A new dataset g...,1108
1108,Over the next f...,1109
1109,NASA’s Soil Moi...,1110
1110,COP24 ends with...,1111
1111,New NASA resear...,1112
1112,Extinction and ...,1113
1113,"ExxonMobil, She...",1114
1114,What if we trea...,1115
1115,New results fro...,1116
1116,NASA's new sate...,1117
1117,A Milestone for...,1118
1118,As a leading ag...,1119
1119,NASA's Aqua sat...,1120
1120,This September ...,1121
1121,Helping nature’...,1122
1122,NASA invites yo...,1123
1123,A NASA study fi...,1124
1124,"Cabo Pulmo, an ...",1125
1125,A new study tra...,1126
1126,"“Orbit,” an edu...",1127
1127,Efforts to cons...,1128
1128,The Black Fores...,1129
1129,Celebrating fou...,1130
1130,A new study fin...,1131
1131,Tree rings are ...,1132
1132,Swiss seniors a...,1133
1133,Protection of K...,1134
1134,Greenland’s mel...,1135
1135,The doors are o...,1136
1136,New declaration...,1137
1137,NASA satellites...,1138
1138,February 2018 w...,1139
1139,Three New Frog ...,1140
1140,A JPL Earth sci...,1141
1141,Saving Wildlife...,1142
1142,Green Electroni...,1143
1143,"This summer, Si...",1144
1144,The best art fr...,1145
1145,A new study has...,1146
1146,New data visual...,1147
1147,A plume of warm...,1148
1148,Is the frequenc...,1149
1149,"In July 2012, f...",1150
1150,University and ...,1151
1151,Update: Greenpe...,1152
1152,"Lauren Farmer, ...",1153
1153,Every part of E...,1154
1154,A Jet Propulsio...,1155
1155,Vigorous mixing...,1156
1156,Between 2012 an...,1157
1157,Celebrating the...,1158
1158,Scientists inve...,1159
1159,A five-year NAS...,1160
1160,Action plan for...,1161
1161,Surface meltwat...,1162
1162,The new map of ...,1163
1163,Drought and ove...,1164
1164,After more than...,1165
1165,The equivalent ...,1166
1166,A miniature exp...,1167
1167,A NASA study us...,1168
1168,New Regional Co...,1169
1169,Himalaya. Karak...,1170
1170,How people powe...,1171
1171,The Clouds and ...,1172
1172,"Exxon, Shell, C...",1173
1173,As it takes to ...,1174
1174,NASA's Plankton...,1175
1175,South Korea’s r...,1176
1176,What do lightho...,1177
1177,Media are invit...,1178
1178,A global climat...,1179
1179,As atmospheric ...,1180
1180,Over the course...,1181
1181,An unusually st...,1182
1182,Berlin court ag...,1183
1183,NASA's P-3 rese...,1184
1184,With one of its...,1185
1185,NASA is carryin...,1186
1186,Greenpeace Inte...,1187
1187,July 2017 was s...,1188
1188,Glasgow first d...,1189
1189,NASA resources ...,1190
1190,The Arctic’s ol...,1191
1191,Three Amazonian...,1192
1192,Peruvian Candid...,1193
1193,May 2017 was th...,1194
1194,Jason-3 will ad...,1195
1195,Global survey s...,1196
1196,This is what a ...,1197
1197,Combining preci...,1198
1198,Make IT Green: ...,1199
1199,This World Envi...,1200
1200,The first state...,1201
1201,New remote sens...,1202
1202,A NASA study of...,1203
1203,In one of the m...,1204
1204,Simply by breat...,1205
1205,NASA has identi...,1206
1206,In 2010 India o...,1207
1207,NCI and Indigen...,1208
1208,In a series of ...,1209
1209,NASA’s Operatio...,1210
1210,Vanuatu warns f...,1211
1211,Increasing leve...,1212
1212,Reserve your se...,1213
1213,A new statistic...,1214
1214,Protecting Rare...,1215
1215,A prize competi...,1216
1216,During one day ...,1217
1217,Headed soon for...,1218
1218,The laser rangi...,1219
1219,View a startlin...,1220
1220,Solar energy co...,1221
1221,The polar vorte...,1222
1222,Municipal Prote...,1223
1223,To get the best...,1224
1224,European Court ...,1225
1225,In Part 1 of ou...,1226
1226,There are times...,1227
1227,NCI Announced a...,1228
1228,Inaction over i...,1229
1229,NASA's nearly 1...,1230
1230,Launched on a F...,1231
1231,"In the 1960s, c...",1232
1232,Enter our new v...,1233
1233,The crunch ques...,1234
1234,Protecting inta...,1235
1235,What the impact...,1236
1236,The Visible Inf...,1237
1237,“Vital Signs: P...,1238
1238,New research sh...,1239
1239,To celebrate 15...,1240
1240,"Called INCUS, i...",1241
1241,Narwhals help N...,1242
1242,NASA's 'Earth N...,1243
1243,NASA Administra...,1244
1244,As Americans ob...,1245
1245,A geothermal he...,1246
1246,New time-lapse ...,1247
1247,Hurricane Loren...,1248
1248,NASA research a...,1249
1249,A happy and pea...,1250
1250,Fact Check: Aus...,1251
1251,Flooded cities ...,1252
1252,Why the whole w...,1253
1253,As people burn ...,1254
1254,NASA took to th...,1255
1255,2012 was a hist...,1256
1256,"This summer, NA...",1257
1257,Greenpeace call...,1258
1258,How the Polish ...,1259
1259,Expanding prote...,1260
1260,With new techno...,1261
1261,Announcing the ...,1262
1262,March 2018 was ...,1263
1263,"NASA’s Ice, Clo...",1264
1264,A Roadmap to Ho...,1265
1265,Global concentr...,1266
1266,Energy Transfer...,1267
1267,"New, detailed m...",1268
1268,Part Five: An e...,1269
1269,March 2016 set ...,1270
1270,Landmark inquir...,1271
1271,NCI Helps Estab...,1272
1272,Measurements ta...,1273
1273,Spotted! Endang...,1274
1274,"Dust, volcanic ...",1275
1275,The heat wave t...,1276
1276,A NASA climate ...,1277
1277,Travel through ...,1278
1278,A Birder’s Para...,1279
1279,Winners include...,1280
1280,Could leftover ...,1281
1281,Record breaking...,1282
1282,"On July 8, 2011...",1283
1283,Earth has many ...,1284
1284,After a brief p...,1285
1285,NASA will hold ...,1286
1286,In case you cou...,1287
1287,Earth’s water i...,1288
1288,Engineers at NA...,1289
1289,An experimental...,1290
1290,Heroes in actio...,1291
1291,The first deplo...,1292
1292,Mountaineer Dav...,1293
1293,A Nov. 12 NASA ...,1294
1294,226 South Korea...,1295
1295,Every once in a...,1296
1296,During a 9 a.m....,1297
1297,A novel JPL ins...,1298
1298,A NASA study sh...,1299
1299,World’s first h...,1300
1300,Slated to launc...,1301
1301,When researcher...,1302
1302,Celebrating Mon...,1303
1303,NASA has select...,1304
1304,Protecting the ...,1305
1305,New observation...,1306
1306,No more blank c...,1307
1307,NASA isn't all ...,1308
1308,The First Regio...,1309
1309,How NASA missio...,1310
1310,Starting this m...,1311
1311,More frequent a...,1312
1312,Nature & Cultur...,1313
1313,Asian air pollu...,1314
1314,A new technique...,1315
1315,A NASA plane ca...,1316
1316,Donor Impact Re...,1317
1317,Chinese equity ...,1318
1318,Over the past s...,1319
1319,NASA and univer...,1320
1320,From its perch ...,1321
1321,Greenpeace soli...,1322
1322,Climate Action ...,1323
1323,Some animals ar...,1324
1324,When lockdowns ...,1325
1325,Major global ec...,1326
1326,The Arctic acts...,1327
1327,In a clever reu...,1328
1328,The upcoming GR...,1329
1329,A space-borne N...,1330
1330,"Together, we ca...",1331
1331,NASA’s satellit...,1332
1332,Research shows ...,1333
1333,After Californi...,1334
1334,A new study fou...,1335
1335,Sentinel-6 Mich...,1336
1336,A NASA mission’...,1337
1337,Our global sea ...,1338
1338,An Expedition i...,1339
1339,In addition to ...,1340
1340,A pair of U.S./...,1341
1341,People the worl...,1342
1342,NCI Helps Indig...,1343
1343,Earthquakes hav...,1344
1344,As world leader...,1345
1345,What better way...,1346
1346,To help researc...,1347
1347,Maps and visual...,1348
1348,"On May 3, 2020,...",1349
1349,River floods ar...,1350
1350,Atmospheric met...,1351
1351,A Conservation ...,1352
1352,The shape of th...,1353
1353,NASA has comple...,1354
1354,Five new NASA a...,1355
1355,A NASA scientis...,1356
1356,For nearly 40 y...,1357
1357,Greenpeace acti...,1358
1358,Global climate ...,1359
1359,Snowfall accumu...,1360
1360,After an unusua...,1361
1361,Understanding b...,1362
1362,Climate case br...,1363
1363,NASA satellite ...,1364
1364,Greenland's gla...,1365
1365,The Arctic is a...,1366
1366,From fires to f...,1367
1367,Air pollution i...,1368
1368,In a new NASA-l...,1369
1369,Want to get the...,1370
1370,UN Human Rights...,1371
1371,‘The climate cr...,1372
1372,"A JPL-built ""sp...",1373
1373,A new analysis ...,1374
1374,What does clima...,1375
1375,In a few months...,1376
1376,August 2017 was...,1377
1377,Ten ways to sur...,1378
1378,The courage of ...,1379
1379,Serranía Incahu...,1380
1380,"Satellites, shi...",1381
1381,Scientists pori...,1382
1382,Powerful Earth-...,1383
1383,The 2012 hurric...,1384
1384,Researchers fro...,1385
1385,The nation’s pr...,1386
1386,The JPL-managed...,1387
1387,NASA's PRISM in...,1388
1388,Researchers sup...,1389
1389,A large expanse...,1390
1390,The Grace missi...,1391
1391,As far back as ...,1392
1392,In the largest-...,1393
1393,"At 8,848 meters...",1394
1394,G7 leaders rele...,1395
1395,An elephant sea...,1396
1396,While the conti...,1397
1397,NASA and global...,1398
1398,Arctic sea ice ...,1399
1399,NASA's Oceans M...,1400
1400,6 things to kno...,1401
1401,ClimatePalooza ...,1402
1402,Greenpeace Norw...,1403
1403,NASA Jet Propul...,1404
1404,The 3D real-tim...,1405
1405,A milestone for...,1406
1406,"Bring it on, 20...",1407
1407,Due to signific...,1408
1408,NCI Ranked Top ...,1409
1409,Rural women uni...,1410
1410,Greenpeace rebr...,1411
1411,Think we can't ...,1412
1412,NASA's Atmosphe...,1413
1413,Adapting to cli...,1414
1414,Greenpeace USA ...,1415
1415,Waking up to Id...,1416
1416,World’s top cli...,1417
1417,First spotted i...,1418
1418,The melting of ...,1419
1419,Unprecedented s...,1420
1420,NCI’s Work Supp...,1421
1421,NASA is launchi...,1422
1422,NASA-funded sci...,1423
1423,Ice losses from...,1424
1424,Sea ice plays a...,1425
1425,Discover surpri...,1426
1426,Observing rainf...,1427
1427,Sea ice surroun...,1428
1428,A versatile NAS...,1429
1429,"One small ""hot ...",1430
1430,NASA’s ISS-Rapi...,1431
1431,A JPL campaign ...,1432
1432,"The ""crazy zoo""...",1433
1433,Scientists are ...,1434
1434,In 2015: Nearly...,1435
1435,An ancient tund...,1436
1436,The U.S.-Europe...,1437
1437,Four new NASA E...,1438
1438,Forests in the ...,1439
1439,The global aver...,1440
1440,It will take ab...,1441
1441,The 2013 Atlant...,1442
1442,A new NASA lase...,1443
1443,New carbon-trac...,1444
1444,Scientists anal...,1445
1445,Zamora Chinchip...,1446
1446,The world is wa...,1447
1447,Western Europe ...,1448
1448,"G20, minus the ...",1449
1449,School strikes ...,1450
1450,The colorful im...,1451
1451,Warmer temperat...,1452
1452,A new online vi...,1453
1453,A new study use...,1454
1454,Knowing where e...,1455
1455,October 2017 wa...,1456
1456,Pawan Bhartia h...,1457
1457,At this year's ...,1458
1458,The summer of 2...,1459
1459,NASA's Langley ...,1460
1460,WEF 2018: Green...,1461
1461,A multinational...,1462
1462,Greenpeace and ...,1463
1463,A space-based l...,1464
1464,NASA is conside...,1465
1465,Safeguarding Wa...,1466
1466,In spite of the...,1467
1467,A new study of ...,1468
1468,The rate of glo...,1469
1469,Update: Dutch p...,1470
1470,A large cyclone...,1471
1471,"This Earth Day,...",1472
1472,Dr. Bryan N. Du...,1473
1473,Disney Supports...,1474
1474,A unique and co...,1475
1475,Our magnificent...,1476
1476,"Soil moisture, ...",1477
1477,Scientists can ...,1478
1478,Researchers hav...,1479
1479,With 10 years o...,1480
1480,A NASA study wi...,1481
1481,Warm ocean curr...,1482
1482,The dramatic gr...,1483
1483,We need to unit...,1484
1484,Ground data now...,1485
1485,NASA aircraft w...,1486
1486,Greenpeace clim...,1487
1487,IPCC report sig...,1488
1488,"Next month, NAS...",1489
1489,A Caltech chemi...,1490
1490,UC Irvine studi...,1491
1491,NASA’s annual s...,1492
1492,Earth’s magneto...,1493
1493,Ocean waves hol...,1494
1494,New imagery mad...,1495
1495,Humboldt Glacie...,1496
1496,In the mid-2030...,1497
1497,Mexico banned G...,1498
1498,The current str...,1499
1499,The average are...,1500
1500,Boshumi Regiona...,1501
1501,Do big cities h...,1502
1502,Engineers have ...,1503
1503,Thanks to your ...,1504
1504,Part One sideba...,1505
1505,"Weather — rain,...",1506
1506,Ozone stinks.  ...,1507
1507,Bird prodigy an...,1508
1508,The launch of a...,1509
1509,Super-Typhoon H...,1510
1510,A NASA-funded t...,1511
1511,Clouds are curr...,1512
1512,Ocean measureme...,1513
1513,New cube-shaped...,1514
1514,The New York Ci...,1515
1515,We did it! 20 M...,1516
1516,To assess how c...,1517
1517,At 5.61 million...,1518
1518,Scientists test...,1519
1519,NASA and the no...,1520
1520,An unusual hole...,1521
1521,The world faile...,1522
1522,The curtain has...,1523
1523,With the launch...,1524
1524,NASA measures t...,1525
1525,Media accredita...,1526
1526,A vast animal m...,1527
1527,NASA's GRACE sa...,1528
1528,A new space-bas...,1529
1529,On track for di...,1530
1530,World Photograp...,1531
1531,The Arctic cont...,1532
1532,The Sentinel-6 ...,1533
1533,This video high...,1534
1534,A NASA team is ...,1535
1535,Nature Is Calli...,1536
1536,In 2015: Four n...,1537
1537,Part Three: The...,1538
1538,G19 resolve mus...,1539
1539,NASA’s first sp...,1540
1540,Carbon offsets ...,1541
1541,LIVE: September...,1542
1542,The global conc...,1543
1543,"On Oct. 28, 201...",1544
1544,Earth's water i...,1545
1545,Melting polar i...,1546
1546,A new calculati...,1547
1547,A new NASA supe...,1548
1548,Intensive resea...,1549
1549,Agricultural fi...,1550
1550,A new NASA stud...,1551
1551,Letter to Presi...,1552
1552,Connecting Ecos...,1553
1553,Plankton are st...,1554
1554,NASA data find ...,1555
1555,One of the hott...,1556
1556,Peru Declares N...,1557
1557,NASA's social m...,1558
1558,A patch of high...,1559
1559,Why climate jus...,1560
1560,NCI Helps Expan...,1561
1561,Let’s talk abou...,1562
1562,Greenpeace cont...,1563
1563,Climate data ca...,1564
1564,A combination o...,1565
1565,NASA will desig...,1566
1566,"2020, the year ...",1567
1567,The Soil Moistu...,1568
1568,North America h...,1569
1569,The first momen...,1570
1570,Saudi Arabian n...,1571
1571,Not every place...,1572
1572,An ECOSTRESS im...,1573
1573,Winter temperat...,1574
1574,Billions of peo...,1575
1575,On World Water ...,1576
1576,The effects of ...,1577
1577,Researchers cam...,1578
1578,"Two years ago, ...",1579
1579,NASA has rename...,1580
1580,A new instrumen...,1581
1581,The paleoclimat...,1582
1582,February 2017 w...,1583
1583,Diplomatic bull...,1584
1584,Statoil’s name ...,1585
1585,The U.S. Postal...,1586
1586,The Landsat Dat...,1587
1587,"Environmental, ...",1588
1588,Greenpeace prot...,1589
1589,January 2018 wa...,1590
1590,The Atmospheric...,1591
1591,"In Alaska, 5 pe...",1592
1592,New research ha...,1593
1593,Frances Arnold ...,1594
1594,Colombia Declar...,1595
1595,Greenpeace expo...,1596
1596,Greenpeace surv...,1597
1597,View one of man...,1598
1598,"Rainbows, happy...",1599
1599,Paving the Way ...,1600
1600,"This month, a t...",1601
1601,New Beginnings:...,1602
1602,The floor of a ...,1603
1603,New Water Prote...,1604
1604,Ocean waters me...,1605
1605,A new study wit...,1606
1606,Decades after m...,1607
1607,"Samsung, IKEA g...",1608
1608,Although ECOSTR...,1609
1609,New York City f...,1610
1610,Snow — it’s rea...,1611
1611,NASA is beginni...,1612
1612,Filipino typhoo...,1613
1613,Part Four: At 1...,1614
1614,Listen to the s...,1615
1615,10 African yout...,1616
1616,Ice loss from A...,1617
1617,For much of the...,1618
1618,Hurricane Sandy...,1619
1619,ECOSTRESS will ...,1620
1620,A truss design ...,1621
1621,Conserving conn...,1622
1622,"NASA, ESA (Euro...",1623
1623,Four undergrads...,1624
1624,Nearly 200 nati...,1625
1625,NASA's efforts ...,1626
1626,The concept beh...,1627
1627,"NASA, NOAA, USG...",1628
1628,Ground-level oz...,1629
1629,Combining gravi...,1630
1630,For the first t...,1631
1631,SAGE III is now...,1632
1632,Nominees includ...,1633
1633,Five Cat Specie...,1634
1634,The Arctic Ocea...,1635
1635,A new universit...,1636
1636,In the first co...,1637
1637,Climate emergen...,1638
1638,ECOSTRESS captu...,1639
1639,Researchers wil...,1640
1640,The buildup of ...,1641
1641,NASA's 'Eyes on...,1642
1642,"On Oct. 6, NASA...",1643
1643,The Rim Fire bu...,1644
1644,The pioneering ...,1645
1645,The flow speeds...,1646
1646,Meet the women ...,1647
1647,Vital signs of ...,1648
1648,Three NASA miss...,1649
1649,NASA has relaun...,1650
1650,Gaia: everythin...,1651
1651,Motorway throug...,1652
1652,Carbon – an ess...,1653
1653,The world is on...,1654
1654,The Surface Wat...,1655
1655,Ninety-seven pe...,1656
1656,Your Online Wor...,1657
1657,Visual stories ...,1658
1658,NASA climatolog...,1659
1659,This week scien...,1660
1660,A NASA camera o...,1661
1661,COP26 methane r...,1662
1662,No excuses – ou...,1663
1663,Greenpeace reac...,1664
1664,Emissions Gap R...,1665
1665,Scientists will...,1666
1666,"Aquarius/SAC-D,...",1667
1667,Climate Hope is...,1668
1668,Scientists use ...,1669
1669,Innovative mini...,1670
1670,Through warming...,1671
1671,Part Two: Satel...,1672
1672,Determining the...,1673
1673,Several researc...,1674
1674,"Jason-3, a NOAA...",1675
1675,"Two tiny, cube-...",1676
1676,As the Landsat ...,1677
1677,SMAP satellite ...,1678
1678,Data from a NAS...,1679
1679,Quick looks by ...,1680
1680,NASA’s new Orbi...,1681
1681,While scientist...,1682
1682,The best signs ...,1683
1683,An internationa...,1684
1684,Our atmosphere ...,1685
1685,Bight oil spill...,1686
1686,Researchers at ...,1687
1687,NASA successful...,1688
1688,When modeling t...,1689
1689,Setback to Tran...,1690
1690,Details about t...,1691
1691,NASA is partici...,1692
1692,UNDP’s Equator ...,1693
1693,Smoke and parti...,1694
1694,In a press conf...,1695
1695,Data from NASA'...,1696
1696,A new map creat...,1697
1697,A new study exp...,1698
1698,There’s no plan...,1699
1699,Now that NASA's...,1700
1700,Climate crisis ...,1701
1701,Which country i...,1702
1702,Understanding t...,1703
1703,While a high-pr...,1704
1704,Earth's clouds ...,1705
1705,Will you stand ...,1706
1706,The combined av...,1707
1707,Climate crisis:...,1708
1708,Early figures f...,1709
1709,Greenpeace: Ext...,1710
1710,Topics of discu...,1711
1711,Launch is targe...,1712
1712,The Suomi Natio...,1713
1713,June 2017 was t...,1714
1714,The color and w...,1715
1715,"This week, scie...",1716
1716,NASA's ozone- a...,1717
1717,New Study on Mo...,1718
1718,Got a crazy ide...,1719
1719,Look up! Anothe...,1720
1720,The world’s fir...,1721
1721,The Earth-obser...,1722
1722,Worldwide actio...,1723
1723,Scheduled to la...,1724
1724,A NASA-sponsore...,1725
1725,NCI Signs the U...,1726
1726,Two New Water P...,1727
1727,The frozen cap ...,1728
1728,New Quilanga Mu...,1729
1729,The world's oce...,1730
1730,The new project...,1731
1731,The finding com...,1732
1732,The Russian wil...,1733
1733,2018 must be th...,1734
1734,"In 2018, NASA w...",1735
1735,Over the past y...,1736
1736,International W...,1737
1737,This year’s Arc...,1738
1738,Revised dates h...,1739
1739,Vice President ...,1740
1740,"In August 2011,...",1741
1741,NASA’s TIMED mi...,1742
1742,A team of scien...,1743
1743,Arctic in decli...,1744
1744,CEO Statement o...,1745
1745,U.S. West Coast...,1746
1746,A space instrum...,1747
1747,6 reasons why n...,1748
1748,NASA invites pe...,1749
1749,Green Gadgets: ...,1750
1750,A team will sur...,1751
1751,Rising temperat...,1752
1752,The ozone hole ...,1753
1753,Article 6 negot...,1754
1754,In 15 years of ...,1755
1755,No time or fore...,1756
1756,A high-precisio...,1757
1757,An Environmenta...,1758
1758,Announcing Matt...,1759
1759,Ecuador’s Gover...,1760
1760,Siberia a clima...,1761
1761,You did it! She...,1762
1762,Two scientists ...,1763
1763,Climate likely ...,1764
1764,New insights in...,1765
1765,"66,000 Acre Res...",1766
1766,"Just like you, ...",1767
1767,Earth to Humans...,1768
1768,A first-of-its-...,1769
1769,Wind turbines c...,1770
1770,6 African women...,1771
1771,Trump-Putin sum...,1772
1772,NASA's newest s...,1773
1773,Operation IceBr...,1774
1774,The game change...,1775
1775,Antarctic Sea I...,1776
1776,NASA is researc...,1777
1777,Three NASA-buil...,1778
1778,‘People and pla...,1779
1779,NASA's Operatio...,1780
1780,Despite recent ...,1781
1781,Climate experts...,1782
1782,Interview with ...,1783
1783,The northern re...,1784
1784,Volcán Azufral ...,1785
1785,Researchers ret...,1786
1786,Landmark human ...,1787
1787,"In the 1990s, r...",1788
1788,Greenpeace maps...,1789
1789,Scientists know...,1790
1790,In response to ...,1791
1791,Even in space y...,1792
1792,Cujillo Private...,1793
1793,Commission on H...,1794
