,name,id,page_rank,community
0,global carbon,1,1,1
1,energy,2,43,1
2,fuel,3,1,1
3,measurement,4,2,1
4,bit,5,2,1
5,designs,6,1,1
6,precipitation with global,7,1,1
7,feminism,8,1,1
8,nature,9,22,1
9,s.,10,1,1
10,outside,11,3,1
11,putin,12,1,1
12,global measurement,13,1,1
13,deforestation,14,12,1
14,heat the,15,1,1
15,originate,16,1,1
16,endangered,17,1,1
17,bushfire,18,1,1
18,location,19,1,1
19,sea.,20,5,1
20,experimental,21,3,1
21,island,22,5,1
22,fails,23,1,1
23,reserve,24,19,1
24,missions,25,19,1
25,institute,26,1,1
26,ecosystem,27,11,1
27,fossil capital,28,1,1
28,conserving,29,1,1
29,global concentrations,30,1,1
30,biosphere,31,1,1
31,galactic,32,1,1
32,changing,33,2,1
33,continent,34,3,1
34,global south,35,1,1
35,proven,36,2,1
36,bp,37,1,1
37,sea water,38,1,1
38,forest,39,32,1
39,c,40,2,1
40,ai,41,1,1
41,level,42,4,1
42,elections,43,1,1
43,precipitation locally,44,1,1
44,carbon absorption,45,1,1
45,global survey,46,2,1
46,environmental,47,18,1
47,sustainability,48,1,1
48,find,49,9,1
49,carbon was,50,1,1
50,scientist,51,4,1
51,northwest,52,7,1
52,earth,53,315,1
53,fossil fuels,54,5,1
54,wildfire,55,10,1
55,biden,56,3,1
56,total,57,1,1
57,figured,58,1,1
58,vital,59,4,1
59,beaches,60,1,1
60,ecosystem,61,11,1
61,production,62,1,1
62,ecosystem,63,11,1
63,global outlook,64,1,1
64,aerosols,65,9,1
65,tailpipe,66,1,1
66,explain,67,1,1
67,glaciers,68,4,1
68,institutions,69,3,1
69,sea-,70,4,1
70,arabia,71,1,1
71,sea to,72,2,1
72,ecological,73,3,1
73,exxonmobil,74,2,1
74,unexplained,75,1,1
75,harris,76,1,1
76,equity,77,2,1
77,moisture,78,4,1
78,earth,79,315,1
79,awards,80,4,1
80,1/2,81,1,1
81,row,82,3,1
82,birds,83,2,1
83,words,84,1,1
84,glacial,85,1,1
85,carbon stored,86,3,1
86,heat between,87,1,1
87,shores,88,2,1
88,oceans,89,33,1
89,global response,90,1,1
90,climate,91,381,1
91,famous,92,1,1
92,precipitation and,93,1,1
93,carbon footprint,94,1,1
94,clearest,95,1,1
95,est,96,7,1
96,level,97,4,1
97,francisco,98,2,1
98,theater,99,1,1
99,g19 resolve,100,1,1
100,fossil fuel,101,16,1
101,sea creatures,102,1,1
102,glenn,103,1,1
103,pressure,104,8,1
104,environmental,105,18,1
105,flooded,106,2,1
106,exchange,107,1,1
107,/,108,6,1
108,beijing,109,2,1
109,expectations,110,2,1
110,mapped,111,2,1
111,energy,112,43,1
112,conservation,113,27,1
113,sea levels,114,10,1
114,3:37,115,1,1
115,this,116,6,1
116,fourth,117,7,1
117,global selfie,118,2,1
118,starting,119,1,1
119,70,120,2,1
120,extents,121,2,1
121,figures,122,1,1
122,fo,123,1,1
123,electromagnetic,124,1,1
124,lydia,125,1,1
125,carbon and,126,3,1
126,guabo,127,1,1
127,newest,128,12,1
128,urgent,129,3,1
129,blank,130,1,1
130,120,131,1,1
131,carbon monoxide,132,3,1
132,globalselfie,133,2,1
133,family,134,2,1
134,precipitation measurement missions,135,1,1
135,satellite,136,158,1
136,variably,137,1,1
137,diverse,138,2,1
138,equatorial,139,3,1
139,water,140,130,1
140,participation,141,5,1
141,arctic,142,124,1
142,father,143,1,1
143,carbon emissions,144,1,1
144,sea level,145,56,1
145,its levels,146,1,1
146,fossil fuels,147,5,1
147,forms,148,3,1
148,computing,149,1,1
149,ríos,150,1,1
150,boulder,151,2,1
151,ice,152,160,1
152,sustainable livelihoods,153,1,1
153,climatologist,154,3,1
154,orbit,155,15,1
155,bird,156,4,1
156,forests,157,29,1
157,pools,158,1,1
158,population,159,2,1
159,carbon scrubbers,160,1,1
160,minimum,161,1,1
161,extinction,162,1,1
162,carbon propulsion,163,1,1
163,transition,164,1,1
164,element,165,1,1
165,sea.,166,5,1
166,motion,167,1,1
167,global sea levels,168,3,1
168,planet,169,108,1
169,alaskan,170,2,1
170,formation,171,1,1
171,ice,172,160,1
172,above,173,2,1
173,aerosols,174,9,1
174,carbon gases,175,1,1
175,exploding,176,1,1
176,global economies,177,1,1
177,carbon cycle,178,9,1
178,app,179,1,1
179,contracted,180,1,1
180,freilich,181,8,1
181,japan,182,2,1
182,northwest,183,7,1
183,environment,184,14,1
184,carbon from,185,1,1
185,applications,186,1,1
186,mortality,187,1,1
187,mechanisms,188,1,1
188,forest,189,32,1
189,consistent,190,1,1
190,conditions,191,4,1
191,weather,192,50,1
192,ocean,193,140,1
193,phenomenon,194,1,1
194,"sea,",195,2,1
195,sea along,196,1,1
196,sustainable use,197,1,1
197,poring,198,1,1
198,glaciers,199,4,1
199,carbon in,200,1,1
200,green,201,19,1
201,flooded,202,2,1
202,facilitated,203,1,1
203,points,204,3,1
204,biodiversity,205,7,1
205,aura,206,6,1
206,u.s.,207,49,1
207,type,208,2,1
208,carbon neutrality,209,1,1
209,blizzards,210,1,1
210,global sea,211,1,1
211,global average,212,4,1
212,ecosystems,213,26,1
213,estuary,214,1,1
214,contrails,215,2,1
215,discuss,216,5,1
216,global forests,217,1,1
217,global issue,218,1,1
218,ozone,219,21,1
219,force,220,1,1
220,rainforest,221,22,1
221,drifting,222,4,1
222,"global """,223,1,1
223,profoundly,224,1,1
224,northeastern,225,1,1
225,carbon observatory-2,226,16,1
226,carbon uptake,227,1,1
227,satellite,228,158,1
228,sea ice,229,95,1
229,graeme,230,1,1
230,sea salt,231,1,1
231,carbon offsets,232,2,1
232,whether,233,4,1
233,global levels,234,1,1
234,records,235,2,1
235,finalist,236,1,1
236,warrior,237,1,1
237,biological,238,3,1
238,precipitation,239,6,1
239,intergovernmental,240,2,1
240,green,241,19,1
241,deltas,242,2,1
242,fans,243,1,1
243,heat during,244,1,1
244,sea ice,245,95,1
245,vital,246,4,1
246,weather,247,50,1
247,carbon dioxide,248,75,1
248,birder,249,1,1
249,carbon into,250,1,1
250,explores,251,1,1
251,productivity,252,2,1
252,mid-2030s,253,1,1
253,thickness,254,1,1
254,hawthorne,255,1,1
255,fall,256,1,1
256,sustainable development,257,1,1
257,habitat,258,8,1
258,heat,259,16,1
259,global impact,260,1,1
260,citizenclimate,261,3,1
261,europe,262,10,1
262,wildfires,263,21,1
263,350,264,1,1
264,phenomena,265,3,1
265,global survey,266,2,1
266,sea surface,267,6,1
267,biological,268,3,1
268,failures,269,2,1
269,global sea level,270,13,1
270,earliest,271,1,1
271,closest,272,1,1
272,global precipitation,273,4,1
273,carbon storage,274,1,1
274,panel,275,1,1
275,carbon is,276,1,1
276,everest,277,2,1
277,bird,278,4,1
278,back,279,1,1
279,clickclean,280,1,1
280,joined,281,1,1
281,implementation,282,1,1
282,sea turtles,283,1,1
283,entire,284,1,1
284,disturbing,285,1,1
285,global heatwaves,286,1,1
286,planet,287,108,1
287,carbon observatory-3,288,1,1
288,suggest,289,1,1
289,environment,290,14,1
290,temperature,291,29,1
291,temperate,292,1,1
292,test,293,1,1
293,habitat,294,8,1
294,atmospheric,295,26,1
295,them,296,6,1
296,global surface,297,2,1
297,diverse,298,2,1
298,sea level,299,56,1
299,heat wave,300,5,1
300,monte,301,3,1
301,transformation,302,1,1
302,dubious,303,1,1
303,rainforest,304,22,1
304,"precipitation,",305,1,1
305,equally,306,1,1
306,dire,307,1,1
307,exxon,308,1,1
308,characterized,309,1,1
309,aerospace,310,3,1
310,gyre,311,1,1
311,fire,312,18,1
312,biodiversity,313,7,1
313,edt,314,7,1
314,temperature,315,29,1
315,global effects,316,1,1
316,gps,317,2,1
317,firefighters,318,1,1
318,severity,319,1,1
319,e.,320,1,1
320,bight,321,1,1
321,sea from,322,2,1
322,carbon fluctuations,323,1,1
323,feature,324,3,1
324,low levels,325,1,1
325,orbit,326,15,1
326,atlantic,327,20,1
327,largest,328,4,1
328,carbon balance,329,1,1
329,heat.,330,1,1
330,carbon observatory,331,1,1
331,sea surface,332,6,1
332,warned,333,1,1
333,global,334,2,1
334,global climate,335,7,1
335,greenfreeze,336,1,1
336,longest,337,1,1
337,constellation,338,3,1
338,global health,339,1,1
339,spectacular,340,1,1
340,iea,341,1,1
341,ozone,342,21,1
342,polar,343,8,1
343,negotiations,344,2,1
344,ceres,345,2,1
345,rapidscat,346,2,1
346,global warming,347,10,1
347,becoming,348,1,1
348,temperatures,349,51,1
349,fires,350,29,1
350,colombia,351,7,1
351,oceans,352,33,1
352,either,353,1,1
353,humpback,354,1,1
354,songbirds,355,1,1
355,ecosystems,356,26,1
356,nature,357,22,1
357,panels,358,1,1
358,fire,359,18,1
359,firm,360,2,1
360,ozone-,361,1,1
361,sahara,362,2,1
362,features,363,1,1
363,heat and,364,2,1
364,awards,365,4,1
365,columbia,366,1,1
366,global ice,367,1,1
367,dramatic,368,3,1
368,sea-,369,4,1
369,pores,370,1,1
370,promise,371,1,1
371,65,372,2,1
372,dioxide levels,373,2,1
373,orbiting,374,1,1
374,carbon offsets,375,2,1
375,global land,376,1,1
376,tech,377,2,1
377,combined,378,6,1
378,climatologist,379,3,1
379,exploration,380,1,1
380,salinity,381,3,1
381,cleanest,382,1,1
382,heat from,383,1,1
383,above,384,2,1
384,gulf,385,1,1
385,projects,386,8,1
386,insider,387,1,1
387,atmosphere,388,86,1
388,gary,389,1,1
389,global protests,390,1,1
390,bump,391,1,1
391,deadliest,392,1,1
392,finalise,393,1,1
393,elevation,394,8,1
394,ocean,395,140,1
395,positioned,396,1,1
396,constellation,397,3,1
397,wildfires,398,21,1
398,antarctic,399,28,1
399,deforestation,400,12,1
400,yet,401,1,1
401,glacier,402,25,1
402,pulsations,403,1,1
403,announces,404,1,1
404,fires,405,29,1
405,canada,406,3,1
406,antarctica,407,46,1
407,brutal,408,1,1
408,island,409,5,1
409,extra,410,1,1
410,inspire,411,2,1
411,atlas,412,1,1
412,conservation,413,27,1
413,operators,414,1,1
414,elsewhere,415,1,1
415,climate,416,381,1
416,luminosity,417,1,1
417,violating,418,1,1
418,ecostress,419,12,1
419,fossil fuel,420,16,1
420,carbon.,421,1,1
421,sea and,422,2,1
422,there,423,1,1
423,rover,424,2,1
424,sea april,425,1,1
425,global climate,426,7,1
426,scientist,427,4,1
427,bengal,428,1,1
428,global concentration,429,2,1
429,west,430,4,1
430,universe,431,1,1
431,harvest,432,1,1
432,water,433,130,1
433,developed,434,17,1
434,efficient,435,4,1
435,civilizations,436,1,1
436,birding,437,1,1
437,reserve,438,19,1
438,sea ice,439,95,1
439,glacier,440,25,1
440,gmos,441,1,1
441,pollution,442,20,1
442,global impacts,443,1,1
443,global vegetation,444,1,1
444,happy,445,2,1
445,turned,446,3,1
446,global cloud,447,1,1
447,exposing,448,1,1
448,obscuring,449,1,1
449,global transport,450,1,1
450,ellington,451,1,1
451,dietary,452,1,1
452,precipitation data,453,1,1
453,carbon frozen,454,1,1
454,favourite,455,2,1
455,course,456,3,1
456,underscores,457,1,1
457,iss,458,3,1
458,greenpeace,459,85,1
459,"carbon,",460,3,1
460,sure,461,1,1
461,north,462,1,1
462,carbon estimates,463,1,1
463,forests,464,29,1
464,levels,465,2,1
465,hazards,466,4,1
466,global hawk,467,3,1
467,amazon,468,34,1
468,"NASA's IceCube,...",469,0,2
469,A new map creat...,470,0,2
470,A New Protected...,471,0,2
471,New analysis on...,472,0,2
472,How much does i...,473,0,2
473,As NASA's Opera...,474,0,2
474,Four internatio...,475,0,2
475,Green Gadgets: ...,476,0,2
476,As atmospheric ...,477,0,2
477,Earth's global ...,478,0,2
478,"The ""atmospheri...",479,0,2
479,2013 was the se...,480,0,2
480,At least as far...,481,0,2
481,New COP26 final...,482,0,2
482,The ozone hole ...,483,0,2
483,Protecting inta...,484,0,2
484,Scientists can ...,485,0,2
485,A large expanse...,486,0,2
486,10 things you’v...,487,0,2
487,Greenpeace surv...,488,0,2
488,Ground-level oz...,489,0,2
489,The new map of ...,490,0,2
490,More than a doz...,491,0,2
491,"This year, NASA...",492,0,2
492,Vigorous mixing...,493,0,2
493,The U.S. Nation...,494,0,2
494,Celebrating the...,495,0,2
495,NASA Goddard Sp...,496,0,2
496,April and May 2...,497,0,2
497,"Worldwide, 2012...",498,0,2
498,During the week...,499,0,2
499,We did it! 20 M...,500,0,2
500,The 2015-2016 E...,501,0,2
501,NASA airborne i...,502,0,2
502,Worldwide actio...,503,0,2
503,A new NASA tool...,504,0,2
504,"Together, we ca...",505,0,2
505,US Federal Cour...,506,0,2
506,NASA finds sea ...,507,0,2
507,Plastic worsens...,508,0,2
508,Landmark inquir...,509,0,2
509,Take a peek at ...,510,0,2
510,NASA’s ISS-Rapi...,511,0,2
511,NASA-funded sci...,512,0,2
512,Kinder Morgan s...,513,0,2
513,Launched on a F...,514,0,2
514,A NASA study ba...,515,0,2
515,Measurements ta...,516,0,2
516,NASA's CORAL ca...,517,0,2
517,Scientists usin...,518,0,2
518,It's been a bus...,519,0,2
519,May 2017 was th...,520,0,2
520,This secretive ...,521,0,2
521,NASA and Britis...,522,0,2
522,NASA data light...,523,0,2
523,Launch of the G...,524,0,2
524,Earth's clouds ...,525,0,2
525,ClimatePalooza ...,526,0,2
526,September 2017 ...,527,0,2
527,Some animals ar...,528,0,2
528,6 African women...,529,0,2
529,During one day ...,530,0,2
530,Nature & Cultur...,531,0,2
531,Teams are heade...,532,0,2
532,"93,000 Acres of...",533,0,2
533,‘The climate cr...,534,0,2
534,“It’s like look...,535,0,2
535,Planned defores...,536,0,2
536,A decade after ...,537,0,2
537,World’s most vu...,538,0,2
538,The ice is disa...,539,0,2
539,The Arctic's se...,540,0,2
540,"“Orbit,” an edu...",541,0,2
541,How will Antarc...,542,0,2
542,A new NASA stud...,543,0,2
543,This World Envi...,544,0,2
544,Three ways the ...,545,0,2
545,NASA has found ...,546,0,2
546,Your generosity...,547,0,2
547,New NASA data s...,548,0,2
548,WEF 2018: Green...,549,0,2
549,A new study exp...,550,0,2
550,The first globa...,551,0,2
551,The Norwegian S...,552,0,2
552,Justice in the ...,553,0,2
553,The Arctic appe...,554,0,2
554,A major ocean c...,555,0,2
555,Nine ways human...,556,0,2
556,Smoke and parti...,557,0,2
557,The Suomi Natio...,558,0,2
558,NASA’s decade-l...,559,0,2
559,Data collected ...,560,0,2
560,In the face of ...,561,0,2
561,Celebrating its...,562,0,2
562,Designed to spo...,563,0,2
563,Food production...,564,0,2
564,Meet the women ...,565,0,2
565,Simply by breat...,566,0,2
566,Setback to Tran...,567,0,2
567,Listen to the s...,568,0,2
568,A JPL campaign ...,569,0,2
569,Wildfires are o...,570,0,2
570,NCI Helps Indig...,571,0,2
571,A new statistic...,572,0,2
572,"Recently, we pu...",573,0,2
573,NCI Signs the U...,574,0,2
574,Greenpeace sues...,575,0,2
575,Why industrial ...,576,0,2
576,Not all space m...,577,0,2
577,Greenpeace bloc...,578,0,2
578,June 2017 was t...,579,0,2
579,A new animation...,580,0,2
580,Vital signs of ...,581,0,2
581,Climate Hope is...,582,0,2
582,Tennis fans cal...,583,0,2
583,From podcasts t...,584,0,2
584,Scientists test...,585,0,2
585,Air quality imp...,586,0,2
586,Data from NASA'...,587,0,2
587,The pioneering ...,588,0,2
588,New study resul...,589,0,2
589,Set for launch ...,590,0,2
590,Hothouse Earth...,591,0,2
591,A Caltech chemi...,592,0,2
592,Scientists anal...,593,0,2
593,Scientists will...,594,0,2
594,The American In...,595,0,2
595,"The ""crazy zoo""...",596,0,2
596,Letter to Presi...,597,0,2
597,Ocean waves hol...,598,0,2
598,NASA’s ECOSTRES...,599,0,2
599,A new NASA fiel...,600,0,2
600,NASA invites pe...,601,0,2
601,High-tide flood...,602,0,2
602,New declaration...,603,0,2
603,Reserve your se...,604,0,2
604,Greenpeace: G20...,605,0,2
605,What does clima...,606,0,2
606,Intensive resea...,607,0,2
607,Northern and we...,608,0,2
608,We’ve got 10 ye...,609,0,2
609,IPCC report poi...,610,0,2
610,A new online vi...,611,0,2
611,What is fossil ...,612,0,2
612,NASA's Langley ...,613,0,2
613,Nearly 200 nati...,614,0,2
614,NASA’s new 3-di...,615,0,2
615,September 2016 ...,616,0,2
616,Swiss Climate S...,617,0,2
617,The current str...,618,0,2
618,Over the next f...,619,0,2
619,"In humans, a fe...",620,0,2
620,Smoke from seve...,621,0,2
621,Although ECOSTR...,622,0,2
622,The joint U.S.-...,623,0,2
623,Jaguar Sighting...,624,0,2
624,PRISM is advanc...,625,0,2
625,Researchers hav...,626,0,2
626,"Sea level ""fing...",627,0,2
627,Indigenous Shua...,628,0,2
628,After more than...,629,0,2
629,NCI Ranked Top ...,630,0,2
630,Warmer temperat...,631,0,2
631,The global conc...,632,0,2
632,March 2018 was ...,633,0,2
633,NCI Leads Creat...,634,0,2
634,Increasingly fr...,635,0,2
635,NASA satellites...,636,0,2
636,Announcing Matt...,637,0,2
637,A NASA plane ca...,638,0,2
638,NCI’s Work Supp...,639,0,2
639,A new space-bas...,640,0,2
640,Arctic sea ice ...,641,0,2
641,Over the past s...,642,0,2
642,The Sentinel-6 ...,643,0,2
643,According to in...,644,0,2
644,To learn how oc...,645,0,2
645,"NASA, NOAA, USG...",646,0,2
646,To assess how c...,647,0,2
647,Headed soon for...,648,0,2
648,Siberia a clima...,649,0,2
649,From fires to f...,650,0,2
650,A NASA-sponsore...,651,0,2
651,Over the past y...,652,0,2
652,For the entire ...,653,0,2
653,Ion propulsion ...,654,0,2
654,Between the lof...,655,0,2
655,A NASA-led team...,656,0,2
656,Meet 12 climate...,657,0,2
657,A NASA study of...,658,0,2
658,Early figures f...,659,0,2
659,"One week in, tw...",660,0,2
660,UC Irvine studi...,661,0,2
661,Billions of peo...,662,0,2
662,A new technique...,663,0,2
663,Global heatwave...,664,0,2
664,Milestone Natio...,665,0,2
665,Two new studies...,666,0,2
666,In spite of the...,667,0,2
667,CEO Statement o...,668,0,2
668,Opportunities f...,669,0,2
669,Why we need to ...,670,0,2
670,The Clouds and ...,671,0,2
671,NASA’s Plankton...,672,0,2
672,Greenpeace maps...,673,0,2
673,Climate data ca...,674,0,2
674,Rural women uni...,675,0,2
675,At 5.61 million...,676,0,2
676,The first state...,677,0,2
677,An ECOSTRESS im...,678,0,2
678,NASA’s Operatio...,679,0,2
679,An Expedition i...,680,0,2
680,Plankton are st...,681,0,2
681,The science ins...,682,0,2
682,The beginning o...,683,0,2
683,The Amazon rain...,684,0,2
684,A JPL Earth sci...,685,0,2
685,The Global Prec...,686,0,2
686,NASA researcher...,687,0,2
687,Researchers sup...,688,0,2
688,Hurricane Sandy...,689,0,2
689,NASA scientists...,690,0,2
690,"Next month, NAS...",691,0,2
691,Greenpeace ship...,692,0,2
692,Part Four: At 1...,693,0,2
693,A quarter to ha...,694,0,2
694,"In May 1937, 27...",695,0,2
695,New research fi...,696,0,2
696,Greenpeace join...,697,0,2
697,A NASA study ha...,698,0,2
698,Over the course...,699,0,2
699,A happy and pea...,700,0,2
700,UPDATE: Greenpe...,701,0,2
701,Small cyclical ...,702,0,2
702,A new NASA supe...,703,0,2
703,Part 1 of a two...,704,0,2
704,To help researc...,705,0,2
705,A high-precisio...,706,0,2
706,"In the 1990s, r...",707,0,2
707,The doors are o...,708,0,2
708,A new study has...,709,0,2
709,The first deplo...,710,0,2
710,We are going to...,711,0,2
711,The heat wave t...,712,0,2
712,The Sentinel-6/...,713,0,2
713,The shape of th...,714,0,2
714,Researchers wil...,715,0,2
715,Dr. Bryan N. Du...,716,0,2
716,TotalEnergies a...,717,0,2
717,In the first co...,718,0,2
718,How people powe...,719,0,2
719,Apple Clean Ene...,720,0,2
720,In 2015: Four n...,721,0,2
721,New insights in...,722,0,2
722,"In 2018, NASA w...",723,0,2
723,Municipal Prote...,724,0,2
724,Got a crazy ide...,725,0,2
725,Saudi Arabia is...,726,0,2
726,At this year's ...,727,0,2
727,IPCC report rev...,728,0,2
728,"Soil moisture, ...",729,0,2
729,NASA Earth scie...,730,0,2
730,There’s nothing...,731,0,2
731,"At 8,848 meters...",732,0,2
732,A multinational...,733,0,2
733,Action plan for...,734,0,2
734,226 South Korea...,735,0,2
735,Antarctica's Pi...,736,0,2
736,GCAS shows sign...,737,0,2
737,The Arctic acts...,738,0,2
738,Colombia Declar...,739,0,2
739,Let’s talk abou...,740,0,2
740,More frequent a...,741,0,2
741,I mostly grew u...,742,0,2
742,"Lauren Farmer, ...",743,0,2
743,Glasgow first d...,744,0,2
744,Rainbow Warrior...,745,0,2
745,We can either a...,746,0,2
746,New Beginnings:...,747,0,2
747,Fact Check: Aus...,748,0,2
748,World’s top cli...,749,0,2
749,The best art fr...,750,0,2
750,GRACE Follow-On...,751,0,2
751,A research prog...,752,0,2
752,A first-ever pa...,753,0,2
753,JPL ice expert ...,754,0,2
754,"In 2012, the co...",755,0,2
755,On Earth Day th...,756,0,2
756,Earth’s magneto...,757,0,2
757,Biodiversity & ...,758,0,2
758,View one of man...,759,0,2
759,A NASA study sh...,760,0,2
760,Frances Arnold ...,761,0,2
761,An elephant sea...,762,0,2
762,Greenpeace USA ...,763,0,2
763,NASA will hold ...,764,0,2
764,For much of the...,765,0,2
765,As Earth’s atmo...,766,0,2
766,Scientists at N...,767,0,2
767,A prize competi...,768,0,2
768,The Rim Fire bu...,769,0,2
769,A Conservation ...,770,0,2
770,Greenpeace inve...,771,0,2
771,New carbon-trac...,772,0,2
772,Loss of water f...,773,0,2
773,Enter our new v...,774,0,2
774,Gaia: everythin...,775,0,2
775,COP26: Everythi...,776,0,2
776,A new tool may ...,777,0,2
777,To get the best...,778,0,2
778,2018 must be th...,779,0,2
779,Launching soon ...,780,0,2
780,So just how doe...,781,0,2
781,The flow speeds...,782,0,2
782,LIVE: September...,783,0,2
783,"For 10 years, i...",784,0,2
784,NCI Helps Expan...,785,0,2
785,An area of the ...,786,0,2
786,NASA will celeb...,787,0,2
787,Severe flooding...,788,0,2
788,NASA's first sp...,789,0,2
789,Best Greenpeace...,790,0,2
790,Quick looks by ...,791,0,2
791,A new NASA Eart...,792,0,2
792,When researcher...,793,0,2
793,"In the 1900s, t...",794,0,2
794,G7 leaders rele...,795,0,2
795,When wildfires ...,796,0,2
796,A new dataset g...,797,0,2
797,These 12 car co...,798,0,2
798,‘Clean air isn’...,799,0,2
799,Narwhals help N...,800,0,2
800,Filipino typhoo...,801,0,2
801,NASA will host ...,802,0,2
802,Our favourite p...,803,0,2
803,Climate pilgrim...,804,0,2
804,These photos fr...,805,0,2
805,Discover surpri...,806,0,2
806,What if we trea...,807,0,2
807,NASA’s Soil Moi...,808,0,2
808,"In 2015: 190,00...",809,0,2
809,Our atmosphere ...,810,0,2
810,To aid policyma...,811,0,2
811,The frozen cap ...,812,0,2
812,A NASA study us...,813,0,2
813,Almost a year a...,814,0,2
814,Sea-surface hei...,815,0,2
815,This is what a ...,816,0,2
816,Solar energy co...,817,0,2
817,Three NASA-buil...,818,0,2
818,Earth is a pale...,819,0,2
819,A Roadmap to Ho...,820,0,2
820,Greenpeace capt...,821,0,2
821,Season three co...,822,0,2
822,How oceans play...,823,0,2
823,The world is wa...,824,0,2
824,A super-charged...,825,0,2
825,The U.S. and Eu...,826,0,2
826,Part Five: An e...,827,0,2
827,This is a new i...,828,0,2
828,This video high...,829,0,2
829,Latest text pub...,830,0,2
830,January 2017 wa...,831,0,2
831,A new universit...,832,0,2
832,A 9-year-old’s ...,833,0,2
833,NASA has identi...,834,0,2
834,South America's...,835,0,2
835,A miniature exp...,836,0,2
836,200 environment...,837,0,2
837,Conserving conn...,838,0,2
838,NASA's PRISM in...,839,0,2
839,Arctic in decli...,840,0,2
840,Powerful Earth-...,841,0,2
841,Engineers have ...,842,0,2
842,Climate crisis ...,843,0,2
843,Earth’s 2015 su...,844,0,2
844,What swallows L...,845,0,2
845,We must break t...,846,0,2
846,Look up! Anothe...,847,0,2
847,Maps and visual...,848,0,2
848,The cold waters...,849,0,2
849,A Global South ...,850,0,2
850,With the Arctic...,851,0,2
851,"ExxonMobil, She...",852,0,2
852,May 2018 is the...,853,0,2
853,Researchers fro...,854,0,2
854,Climate change ...,855,0,2
855,Study by Nature...,856,0,2
856,A new JPL/Calif...,857,0,2
857,NASA measures t...,858,0,2
858,New research sh...,859,0,2
859,Historic verdic...,860,0,2
860,Millions of peo...,861,0,2
861,Details about t...,862,0,2
862,The global aver...,863,0,2
863,Safeguarding Wa...,864,0,2
864,Operation IceBr...,865,0,2
865,ECOSTRESS captu...,866,0,2
866,Flying 200 mph ...,867,0,2
867,Antarctic Sea I...,868,0,2
868,Adapting to cli...,869,0,2
869,The color and w...,870,0,2
870,A plume of warm...,871,0,2
871,Two key climate...,872,0,2
872,Green jobs must...,873,0,2
873,A graphic from ...,874,0,2
874,NASA's nearly 1...,875,0,2
875,NASA has relaun...,876,0,2
876,The equivalent ...,877,0,2
877,Youth take Arct...,878,0,2
878,NASA will desig...,879,0,2
879,Why the world’s...,880,0,2
880,NASA is conside...,881,0,2
881,When modeling t...,882,0,2
882,An unusually st...,883,0,2
883,A new evaluatio...,884,0,2
884,Saudi Arabian n...,885,0,2
885,From 2009 throu...,886,0,2
886,NASA has funded...,887,0,2
887,Where on Earth ...,888,0,2
888,JPL's visualiza...,889,0,2
889,NASA's social m...,890,0,2
890,Connect with NA...,891,0,2
891,According to a ...,892,0,2
892,A global climat...,893,0,2
893,A recent study ...,894,0,2
894,Peruvian Candid...,895,0,2
895,To honor the da...,896,0,2
896,Super-Typhoon H...,897,0,2
897,Greenpeace hold...,898,0,2
898,November 2017 w...,899,0,2
899,A pair of U.S./...,900,0,2
900,Google recently...,901,0,2
901,Mid-elevation f...,902,0,2
902,COP26 methane r...,903,0,2
903,U.S. West Coast...,904,0,2
904,"NASA’s Ice, Clo...",905,0,2
905,Understanding t...,906,0,2
906,A space borne s...,907,0,2
907,The heat from w...,908,0,2
908,NASA has comple...,909,0,2
909,Slated to launc...,910,0,2
910,A new study by ...,911,0,2
911,Windy regions h...,912,0,2
912,People the worl...,913,0,2
913,Scientists use ...,914,0,2
914,A short-lived r...,915,0,2
915,New NASA maps s...,916,0,2
916,February 2017 w...,917,0,2
917,"Aquarius/SAC-D,...",918,0,2
918,Using an innova...,919,0,2
919,"Norman Loeb, an...",920,0,2
920,"Two years ago, ...",921,0,2
921,NASA’s TIMED mi...,922,0,2
922,Winter temperat...,923,0,2
923,"23,000 Acre Res...",924,0,2
924,"Dust, volcanic ...",925,0,2
925,Protecting a Bi...,926,0,2
926,Solar-power pla...,927,0,2
927,"In Alaska, 5 pe...",928,0,2
928,10 African yout...,929,0,2
929,Sea level rise ...,930,0,2
930,Even in space y...,931,0,2
931,Global survey s...,932,0,2
932,October 2016 wa...,933,0,2
933,A NASA-led stud...,934,0,2
934,As the Arctic w...,935,0,2
935,The first year ...,936,0,2
936,A laser-based i...,937,0,2
937,An Environmenta...,938,0,2
938,Scientists pori...,939,0,2
939,Launch is targe...,940,0,2
940,Our magnificent...,941,0,2
941,Climate action ...,942,0,2
942,Sea ice plays a...,943,0,2
943,A new NASA lase...,944,0,2
944,3 women on what...,945,0,2
945,Progress slow a...,946,0,2
946,New Map Identif...,947,0,2
947,The instrument ...,948,0,2
948,A United Nation...,949,0,2
949,If there were n...,950,0,2
950,Earth’s water i...,951,0,2
951,G19 resolve mus...,952,0,2
952,Economists are ...,953,0,2
953,The launch of N...,954,0,2
954,A versatile NAS...,955,0,2
955,NCI Assists in ...,956,0,2
956,The combined av...,957,0,2
957,Revised dates h...,958,0,2
958,Mayors from 14 ...,959,0,2
959,What happens to...,960,0,2
960,Ice fronts have...,961,0,2
961,NASA's Operatio...,962,0,2
962,NASA’s annual s...,963,0,2
963,South Korea’s r...,964,0,2
964,Swiss Federal C...,965,0,2
965,As it takes to ...,966,0,2
966,The Arctic’s ol...,967,0,2
967,The polar vorte...,968,0,2
968,A New Conservat...,969,0,2
969,An ancient tund...,970,0,2
970,A new instrumen...,971,0,2
971,The Visible Inf...,972,0,2
972,Every part of E...,973,0,2
973,Antarctica show...,974,0,2
974,A scientific in...,975,0,2
975,Analysis of Lan...,976,0,2
976,The Arctic cont...,977,0,2
977,After nearly tw...,978,0,2
978,World Photograp...,979,0,2
979,The Russian wil...,980,0,2
980,NASA's Atmosphe...,981,0,2
981,January 2018 wa...,982,0,2
982,Drought and ove...,983,0,2
983,"On July 8, 2011...",984,0,2
984,In Part 1 of ou...,985,0,2
985,Scheduled to la...,986,0,2
986,The rate of glo...,987,0,2
987,Decades after m...,988,0,2
988,In a clever reu...,989,0,2
989,Temperature and...,990,0,2
990,Wind turbines c...,991,0,2
991,NASA's Oceans M...,992,0,2
992,NASA successful...,993,0,2
993,Permafrost in t...,994,0,2
994,Three New Frog ...,995,0,2
995,Air pollution i...,996,0,2
996,The scientific ...,997,0,2
997,After Hurricane...,998,0,2
998,NASA's ozone- a...,999,0,2
999,NASA isn't all ...,1000,0,2
1000,A space-borne N...,1001,0,2
1001,A new way to de...,1002,0,2
1002,2021's Climate ...,1003,0,2
1003,A new simulatio...,1004,0,2
1004,A discovery add...,1005,0,2
1005,Understanding b...,1006,0,2
1006,The average are...,1007,0,2
1007,Climate likely ...,1008,0,2
1008,A new study sho...,1009,0,2
1009,New Water Prote...,1010,0,2
1010,A message on di...,1011,0,2
1011,Emissions Gap R...,1012,0,2
1012,View pictures o...,1013,0,2
1013,Is the frequenc...,1014,0,2
1014,A five-year NAS...,1015,0,2
1015,Wildfires drive...,1016,0,2
1016,In addition to ...,1017,0,2
1017,6 things to kno...,1018,0,2
1018,NASA's 'Eyes on...,1019,0,2
1019,Flaring of wast...,1020,0,2
1020,Researchers cam...,1021,0,2
1021,After an unusua...,1022,0,2
1022,Major global ec...,1023,0,2
1023,Sea ice thickne...,1024,0,2
1024,Smoke and human...,1025,0,2
1025,Determining the...,1026,0,2
1026,The principal i...,1027,0,2
1027,Blending standa...,1028,0,2
1028,During a 9 a.m....,1029,0,2
1029,Snow — it’s rea...,1030,0,2
1030,Which country i...,1031,0,2
1031,Bangladesh offi...,1032,0,2
1032,Commission on H...,1033,0,2
1033,New data on how...,1034,0,2
1034,While satellite...,1035,0,2
1035,A unique and co...,1036,0,2
1036,Protection of K...,1037,0,2
1037,Over the past 1...,1038,0,2
1038,Global climate ...,1039,0,2
1039,Surface meltwat...,1040,0,2
1040,Data from a JPL...,1041,0,2
1041,"Every day, abov...",1042,0,2
1042,Scientists are ...,1043,0,2
1043,Greenpeace: 11t...,1044,0,2
1044,Ice losses from...,1045,0,2
1045,As Americans ob...,1046,0,2
1046,The laser instr...,1047,0,2
1047,Initial results...,1048,0,2
1048,A NASA mission ...,1049,0,2
1049,NCI Announced a...,1050,0,2
1050,The summer of 2...,1051,0,2
1051,The courage of ...,1052,0,2
1052,"On October 29, ...",1053,0,2
1053,A huge lake of ...,1054,0,2
1054,The mission onb...,1055,0,2
1055,It will take ab...,1056,0,2
1056,The launch of a...,1057,0,2
1057,Vegetation grow...,1058,0,2
1058,Want to get the...,1059,0,2
1059,The swirling fl...,1060,0,2
1060,Greenland’s mel...,1061,0,2
1061,In September 20...,1062,0,2
1062,Ten ways to sur...,1063,0,2
1063,NASA has select...,1064,0,2
1064,Let’s ban fossi...,1065,0,2
1065,Is global warmi...,1066,0,2
1066,With new techno...,1067,0,2
1067,In a few months...,1068,0,2
1068,"Share, download...",1069,0,2
1069,Even NASA satel...,1070,0,2
1070,For the first t...,1071,0,2
1071,A NASA field ca...,1072,0,2
1072,"In August 2011,...",1073,0,2
1073,"Weather — rain,...",1074,0,2
1074,Update: Dutch p...,1075,0,2
1075,North America h...,1076,0,2
1076,Aerosol particl...,1077,0,2
1077,A comprehensive...,1078,0,2
1078,Due to ice's im...,1079,0,2
1079,New NASA resear...,1080,0,2
1080,Scientists demo...,1081,0,2
1081,Extinction and ...,1082,0,2
1082,New COP26 Draft...,1083,0,2
1083,Green(washing) ...,1084,0,2
1084,Five Cat Specie...,1085,0,2
1085,Mangroves are a...,1086,0,2
1086,El Niño conditi...,1087,0,2
1087,A new assessmen...,1088,0,2
1088,Formerly the is...,1089,0,2
1089,Learn about sea...,1090,0,2
1090,In a new NASA-l...,1091,0,2
1091,A new NASA fore...,1092,0,2
1092,"In July 2012, f...",1093,0,2
1093,For more than a...,1094,0,2
1094,Arctic and Anta...,1095,0,2
1095,Greenpeace Cana...,1096,0,2
1096,Nature and Cult...,1097,0,2
1097,The world's oce...,1098,0,2
1098,View a startlin...,1099,0,2
1099,How JBS is stil...,1100,0,2
1100,July 2017 was s...,1101,0,2
1101,In 2010 India o...,1102,0,2
1102,Leaders' meagre...,1103,0,2
1103,The effects of ...,1104,0,2
1104,Snowfall accumu...,1105,0,2
1105,Climate emergen...,1106,0,2
1106,A space-based s...,1107,0,2
1107,Satellite instr...,1108,0,2
1108,6 reasons why n...,1109,0,2
1109,Melting polar i...,1110,0,2
1110,In one of the m...,1111,0,2
1111,Thick smoke fro...,1112,0,2
1112,The crunch ques...,1113,0,2
1113,Fossil Fuels ar...,1114,0,2
1114,Principal Inves...,1115,0,2
1115,Hurricane Loren...,1116,0,2
1116,Fires burning i...,1117,0,2
1117,NASA data show ...,1118,0,2
1118,What do lightho...,1119,0,2
1119,There are times...,1120,0,2
1120,NASA-supported ...,1121,0,2
1121,One-hundred peo...,1122,0,2
1122,How the Polish ...,1123,0,2
1123,Himalaya. Karak...,1124,0,2
1124,When you fill a...,1125,0,2
1125,Cujillo Private...,1126,0,2
1126,As Arctic summe...,1127,0,2
1127,Global concentr...,1128,0,2
1128,Swiss seniors a...,1129,0,2
1129,A new NASA-fund...,1130,0,2
1130,A new NASA and ...,1131,0,2
1131,Ninety-seven pe...,1132,0,2
1132,Empty water res...,1133,0,2
1133,We need to unit...,1134,0,2
1134,Interview with ...,1135,0,2
1135,Topics of discu...,1136,0,2
1136,A NASA airborne...,1137,0,2
1137,Striking the Ba...,1138,0,2
1138,Unprecedented s...,1139,0,2
1139,NASA is applyin...,1140,0,2
1140,Sea ice increas...,1141,0,2
1141,South Korea ple...,1142,0,2
1142,NASA’s first sp...,1143,0,2
1143,Justice takes c...,1144,0,2
1144,Global forests ...,1145,0,2
1145,Western Europe ...,1146,0,2
1146,New satellite d...,1147,0,2
1147,Make IT Green: ...,1148,0,2
1148,To celebrate 15...,1149,0,2
1149,Clouds are curr...,1150,0,2
1150,There’s no plan...,1151,0,2
1151,Do big cities h...,1152,0,2
1152,New IPCC climat...,1153,0,2
1153,Asia's high mou...,1154,0,2
1154,Research shows ...,1155,0,2
1155,"G20, minus the ...",1156,0,2
1156,Greenpeace expo...,1157,0,2
1157,Innovative mini...,1158,0,2
1158,COP26: Greenpea...,1159,0,2
1159,The world faile...,1160,0,2
1160,Coral reefs are...,1161,0,2
1161,Droughts in the...,1162,0,2
1162,Ocean waters me...,1163,0,2
1163,NASA's GRACE sa...,1164,0,2
1164,The best signs ...,1165,0,2
1165,Scientists inve...,1166,0,2
1166,Sea ice in the ...,1167,0,2
1167,"In Indonesia, v...",1168,0,2
1168,Has the zombie ...,1169,0,2
1169,Rainforest Cons...,1170,0,2
1170,Sustainable Liv...,1171,0,2
1171,New Study on Mo...,1172,0,2
1172,A new river sur...,1173,0,2
1173,Photo of Last J...,1174,0,2
1174,The Petermann G...,1175,0,2
1175,Pakistan water ...,1176,0,2
1176,"In the 1960s, c...",1177,0,2
1177,In the largest-...,1178,0,2
1178,G7 leaves vulne...,1179,0,2
1179,Coca-Cola it’s ...,1180,0,2
1180,A team will sur...,1181,0,2
1181,Could leftover ...,1182,0,2
1182,Humpback whale ...,1183,0,2
1183,Across NASA’s m...,1184,0,2
1184,NASA aircraft w...,1185,0,2
1185,Up to two-third...,1186,0,2
1186,"Rainbows, happy...",1187,0,2
1187,Saving Wildlife...,1188,0,2
1188,The 2015 annual...,1189,0,2
1189,Earth's atmosph...,1190,0,2
1190,Through warming...,1191,0,2
1191,Earth has many ...,1192,0,2
1192,Once in orbit a...,1193,0,2
1193,A Nov. 12 NASA ...,1194,0,2
1194,Nature Is Calli...,1195,0,2
1195,Climate leaders...,1196,0,2
1196,NCI-Peru Press ...,1197,0,2
1197,In case you cou...,1198,0,2
1198,In a press conf...,1199,0,2
1199,Greenland and A...,1200,0,2
1200,NASA's 'Earth N...,1201,0,2
1201,July 2016 was t...,1202,0,2
1202,A NASA research...,1203,0,2
1203,Bird prodigy an...,1204,0,2
1204,The Surface Wat...,1205,0,2
1205,To get an entir...,1206,0,2
1206,Scientists with...,1207,0,2
1207,Heroes in actio...,1208,0,2
1208,Why we are taki...,1209,0,2
1209,A truss design ...,1210,0,2
1210,Pawan Bhartia h...,1211,0,2
1211,NASA's newest s...,1212,0,2
1212,The ravages of ...,1213,0,2
1213,Aerosols can da...,1214,0,2
1214,Two scientists ...,1215,0,2
1215,Storms get all ...,1216,0,2
1216,The Soil Moistu...,1217,0,2
1217,Asian air pollu...,1218,0,2
1218,Helping nature’...,1219,0,2
1219,Taiwanese movie...,1220,0,2
1220,The First Regio...,1221,0,2
1221,In response to ...,1222,0,2
1222,Part Three side...,1223,0,2
1223,Less than three...,1224,0,2
1224,Greenpeace soli...,1225,0,2
1225,A novel JPL ins...,1226,0,2
1226,A NASA mission’...,1227,0,2
1227,ING Bank on the...,1228,0,2
1228,Don’t get the i...,1229,0,2
1229,The laser rangi...,1230,0,2
1230,NCI and Indigen...,1231,0,2
1231,The Arctic is h...,1232,0,2
1232,Peru Declares N...,1233,0,2
1233,Springtime intr...,1234,0,2
1234,Several researc...,1235,0,2
1235,New imagery mad...,1236,0,2
1236,Days after its ...,1237,0,2
1237,No time or fore...,1238,0,2
1238,You did it! She...,1239,0,2
1239,For nearly 40 y...,1240,0,2
1240,A new study wit...,1241,0,2
1241,Most of us are ...,1242,0,2
1242,NASA climatolog...,1243,0,2
1243,The New York Ci...,1244,0,2
1244,The Arctic is a...,1245,0,2
1245,From a dusty at...,1246,0,2
1246,Countries most ...,1247,0,2
1247,A study ties fe...,1248,0,2
1248,Climate Action ...,1249,0,2
1249,Shell in South ...,1250,0,2
1250,Extreme weather...,1251,0,2
1251,A large cyclone...,1252,0,2
1252,Energy Transfer...,1253,0,2
1253,A first-of-its-...,1254,0,2
1254,The curtain has...,1255,0,2
1255,"Environmental, ...",1256,0,2
1256,NASA is launchi...,1257,0,2
1257,The First Water...,1258,0,2
1258,A new calculati...,1259,0,2
1259,Climate crisis:...,1260,0,2
1260,Making Great St...,1261,0,2
1261,A lack of polit...,1262,0,2
1262,“Vital Signs: P...,1263,0,2
1263,Sea ice surroun...,1264,0,2
1264,Fifty years ago...,1265,0,2
1265,"NASA, ESA (Euro...",1266,0,2
1266,Diplomatic bull...,1267,0,2
1267,NASA Administra...,1268,0,2
1268,A NASA climate ...,1269,0,2
1269,A Milestone for...,1270,0,2
1270,NASA’s new Orbi...,1271,0,2
1271,Landmark human ...,1272,0,2
1272,NASA’s astrobio...,1273,0,2
1273,NASA satellite ...,1274,0,2
1274,2012 was a hist...,1275,0,2
1275,August 2017 was...,1276,0,2
1276,Big brands must...,1277,0,2
1277,A NASA study wi...,1278,0,2
1278,The U.S.-Europe...,1279,0,2
1279,Greenpeace turn...,1280,0,2
1280,Earthquakes hav...,1281,0,2
1281,One of the hott...,1282,0,2
1282,NASA sponsors a...,1283,0,2
1283,Three NASA miss...,1284,0,2
1284,NASA is partici...,1285,0,2
1285,NASA's Soil Moi...,1286,0,2
1286,"New, detailed m...",1287,0,2
1287,Announcing the ...,1288,0,2
1288,Images crafted ...,1289,0,2
1289,An experimental...,1290,0,2
1290,Mountaineer Dav...,1291,0,2
1291,A vast animal m...,1292,0,2
1292,As the climate ...,1293,0,2
1293,NASA data are b...,1294,0,2
1294,Motorway throug...,1295,0,2
1295,Visual stories ...,1296,0,2
1296,A new study rev...,1297,0,2
1297,"This Earth Day,...",1298,0,2
1298,The expansion o...,1299,0,2
1299,Waking up to Id...,1300,0,2
1300,Spotted! Endang...,1301,0,2
1301,The world's new...,1302,0,2
1302,Climate experts...,1303,0,2
1303,NASA’s Precipit...,1304,0,2
1304,The Landsat Dat...,1305,0,2
1305,Efforts to cons...,1306,0,2
1306,Warm ocean curr...,1307,0,2
1307,Using 12 years ...,1308,0,2
1308,Thwaites Glacie...,1309,0,2
1309,From its perch ...,1310,0,2
1310,The year 2021 t...,1311,0,2
1311,"A JPL-built ""sp...",1312,0,2
1312,Some scientists...,1313,0,2
1313,New Reserve in ...,1314,0,2
1314,NASA and the no...,1315,0,2
1315,We launch a new...,1316,0,2
1316,Combining preci...,1317,0,2
1317,Jason-3 will ad...,1318,0,2
1318,Researchers at ...,1319,0,2
1319,A new NASA-led ...,1320,0,2
1320,Why Net Zero an...,1321,0,2
1321,Every once in a...,1322,0,2
1322,IPCC report sig...,1323,0,2
1323,The sun lighten...,1324,0,2
1324,New remote sens...,1325,0,2
1325,China USA State...,1326,0,2
1326,The 2012 hurric...,1327,0,2
1327,NASA's green av...,1328,0,2
1328,Climate case br...,1329,0,2
1329,Meltwater river...,1330,0,2
1330,Donor Impact Re...,1331,0,2
1331,"NCI, Indigenous...",1332,0,2
1332,UNDP’s Equator ...,1333,0,2
1333,How Greenpeace ...,1334,0,2
1334,A small differe...,1335,0,2
1335,Climate Seniors...,1336,0,2
1336,"On Oct. 6, NASA...",1337,0,2
1337,For almost half...,1338,0,2
1338,An Interview wi...,1339,0,2
1339,There’s never a...,1340,0,2
1340,The amount of m...,1341,0,2
1341,A new way of st...,1342,0,2
1342,FORAGUA Water F...,1343,0,2
1343,To celebrate th...,1344,0,2
1344,The world's lar...,1345,0,2
1345,The newest addi...,1346,0,2
1346,Researchers ret...,1347,0,2
1347,New research ha...,1348,0,2
1348,A space-borne l...,1349,0,2
1349,"This summer, NA...",1350,0,2
1350,Anyone with a c...,1351,0,2
1351,Carbon – an ess...,1352,0,2
1352,Chinese equity ...,1353,0,2
1353,Nature is Calli...,1354,0,2
1354,Ecuador’s Gover...,1355,0,2
1355,"This summer, Si...",1356,0,2
1356,UN Human Rights...,1357,0,2
1357,The paleoclimat...,1358,0,2
1358,First spotted i...,1359,0,2
1359,I spend a lot o...,1360,0,2
1360,Earlier this ye...,1361,0,2
1361,Greenpeace back...,1362,0,2
1362,River floods ar...,1363,0,2
1363,With 10 years o...,1364,0,2
1364,Switching on to...,1365,0,2
1365,Digital measure...,1366,0,2
1366,What I learned ...,1367,0,2
1367,Greenpeace star...,1368,0,2
1368,The retreat of ...,1369,0,2
1369,The 3D real-tim...,1370,0,2
1370,NASA's ECOSTRES...,1371,0,2
1371,A new analysis ...,1372,0,2
1372,A warming clima...,1373,0,2
1373,Observing rainf...,1374,0,2
1374,In a year when ...,1375,0,2
1375,SAGE III is now...,1376,0,2
1376,In the mid-2030...,1377,0,2
1377,"Jason-3, a NOAA...",1378,0,2
1378,The Atmospheric...,1379,0,2
1379,If somebody had...,1380,0,2
1380,Zamora Chinchip...,1381,0,2
1381,The first momen...,1382,0,2
1382,Educator worksh...,1383,0,2
1383,As glaciers flo...,1384,0,2
1384,Shifts in clima...,1385,0,2
1385,The buildup of ...,1386,0,2
1386,NASA has rename...,1387,0,2
1387,The U.S. Postal...,1388,0,2
1388,Greenpeace cont...,1389,0,2
1389,The world’s fir...,1390,0,2
1390,A new index sho...,1391,0,2
1391,More than a tri...,1392,0,2
1392,A new study sug...,1393,0,2
1393,Organisations t...,1394,0,2
1394,University and ...,1395,0,2
1395,NASA has begun ...,1396,0,2
1396,Earth to Humans...,1397,0,2
1397,Article 6 negot...,1398,0,2
1398,Part Two: Satel...,1399,0,2
1399,A milestone for...,1400,0,2
1400,Three Amazonian...,1401,0,2
1401,What the impact...,1402,0,2
1402,Two New Water P...,1403,0,2
1403,Data from the m...,1404,0,2
1404,An instrument o...,1405,0,2
1405,Why we’ve had e...,1406,0,2
1406,The Arctic Ocea...,1407,0,2
1407,These four clim...,1408,0,2
1408,The tool will h...,1409,0,2
1409,NASA is researc...,1410,0,2
1410,A NASA team is ...,1411,0,2
1411,Four undergrads...,1412,0,2
1412,Such detailed m...,1413,0,2
1413,The Earth-obser...,1414,0,2
1414,NASA’s satellit...,1415,0,2
1415,New Quilanga Mu...,1416,0,2
1416,New Protected A...,1417,0,2
1417,NASA took to th...,1418,0,2
1418,The melting of ...,1419,0,2
1419,How do you star...,1420,0,2
1420,"On Oct. 28, 201...",1421,0,2
1421,Can the pandemi...,1422,0,2
1422,ECOSTRESS will ...,1423,0,2
1423,Spectacular clo...,1424,0,2
1424,When lockdowns ...,1425,0,2
1425,The climate cri...,1426,0,2
1426,The JPL-managed...,1427,0,2
1427,A NASA scientis...,1428,0,2
1428,Using data from...,1429,0,2
1429,Activists from ...,1430,0,2
1430,NASA's Aqua sat...,1431,0,2
1431,The Grace missi...,1432,0,2
1432,School strikes ...,1433,0,2
1433,Our Earth is an...,1434,0,2
1434,Saving Habitat ...,1435,0,2
1435,"This month, a t...",1436,0,2
1436,"Deforestation, ...",1437,0,2
1437,Mexico banned G...,1438,0,2
1438,Celebrating fou...,1439,0,2
1439,A Jet Propulsio...,1440,0,2
1440,Venus may have ...,1441,0,2
1441,Glaciers in the...,1442,0,2
1442,NASA is releasi...,1443,0,2
1443,"Called INCUS, i...",1444,0,2
1444,The Southern Oc...,1445,0,2
1445,NASA is beginni...,1446,0,2
1446,The game change...,1447,0,2
1447,The Getz Ice Sh...,1448,0,2
1448,As sea levels r...,1449,0,2
1449,"The missions, i...",1450,0,2
1450,Plants are leaf...,1451,0,2
1451,Innovations in ...,1452,0,2
1452,What a green an...,1453,0,2
1453,A simple molecu...,1454,0,2
1454,Why shipping ne...,1455,0,2
1455,Sentinel-6 Mich...,1456,0,2
1456,The 15-year-old...,1457,0,2
1457,Will you stand ...,1458,0,2
1458,NASA scientist ...,1459,0,2
1459,ICESat-2 will p...,1460,0,2
1460,Thanks to your ...,1461,0,2
1461,The Black Fores...,1462,0,2
1462,A visualization...,1463,0,2
1463,The 2013 Atlant...,1464,0,2
1464,"66,000 Acre Res...",1465,0,2
1465,"Cabo Pulmo, an ...",1466,0,2
1466,Our global sea ...,1467,0,2
1467,NASA's new sate...,1468,0,2
1468,Ice loss from A...,1469,0,2
1469,On World Water ...,1470,0,2
1470,Satellite data ...,1471,0,2
1471,Celebrating Mon...,1472,0,2
1472,According to th...,1473,0,2
1473,A new NASA sate...,1474,0,2
1474,Fighting defore...,1475,0,2
1475,Protecting the ...,1476,0,2
1476,"Exxon, Shell, C...",1477,0,2
1477,NASA invites yo...,1478,0,2
1478,NASA’s Jet Prop...,1479,0,2
1479,A year of recor...,1480,0,2
1480,The colorful im...,1481,0,2
1481,Update: Greenpe...,1482,0,2
1482,NASA data find ...,1483,0,2
1483,Bight oil spill...,1484,0,2
1484,Survivors fight...,1485,0,2
1485,A new study of ...,1486,0,2
1486,March 2016 set ...,1487,0,2
1487,"The ""butterfly ...",1488,0,2
1488,COP24 ends with...,1489,0,2
1489,"Just like you, ...",1490,0,2
1490,The world is on...,1491,0,2
1491,Critical Páramo...,1492,0,2
1492,Greenpeace call...,1493,0,2
1493,Winners include...,1494,0,2
1494,NASA's Plankton...,1495,0,2
1495,Only about 25 p...,1496,0,2
1496,With the launch...,1497,0,2
1497,A single season...,1498,0,2
1498,Book excerpt: E...,1499,0,2
1499,Judgement bring...,1500,0,2
1500,An unusual hole...,1501,0,2
1501,Campaigners war...,1502,0,2
1502,Travel through ...,1503,0,2
1503,After a decade ...,1504,0,2
1504,Scientists from...,1505,0,2
1505,"Satellites, shi...",1506,0,2
1506,The San Diego U...,1507,0,2
1507,Human activitie...,1508,0,2
1508,Using ground an...,1509,0,2
1509,Scientists know...,1510,0,2
1510,Earth’s atmosph...,1511,0,2
1511,"On most days, r...",1512,0,2
1512,It’s time to ri...,1513,0,2
1513,As world leader...,1514,0,2
1514,Due to signific...,1515,0,2
1515,#CitizenClimate...,1516,0,2
1516,Continuous moni...,1517,0,2
1517,The new project...,1518,0,2
1518,"Bring it on, 20...",1519,0,2
1519,Climate Emergen...,1520,0,2
1520,Greenpeace: Cli...,1521,0,2
1521,Like a cowboy a...,1522,0,2
1522,This September ...,1523,0,2
1523,10 inspiring en...,1524,0,2
1524,SMAP satellite ...,1525,0,2
1525,Land ecosystems...,1526,0,2
1526,NASA's efforts ...,1527,0,2
1527,As far back as ...,1528,0,2
1528,While scientist...,1529,0,2
1529,‘People and pla...,1530,0,2
1530,"Jason-3, a new ...",1531,0,2
1531,"A study shows, ...",1532,0,2
1532,The wintertime ...,1533,0,2
1533,New observation...,1534,0,2
1534,A new NASA/univ...,1535,0,2
1535,Four new NASA E...,1536,0,2
1536,NASA and global...,1537,0,2
1537,NASA's P-3 rese...,1538,0,2
1538,While the conti...,1539,0,2
1539,Where is most o...,1540,0,2
1540,An internationa...,1541,0,2
1541,Nature is calli...,1542,0,2
1542,New time-lapse ...,1543,0,2
1543,The 2017 hurric...,1544,0,2
1544,European Court ...,1545,0,2
1545,The northern re...,1546,0,2
1546,The play 'Dr. K...,1547,0,2
1547,Tree rings are ...,1548,0,2
1548,Trump-Putin sum...,1549,0,2
1549,A NASA-funded t...,1550,0,2
1550,An airborne cam...,1551,0,2
1551,Media are invit...,1552,0,2
1552,8 women fightin...,1553,0,2
1553,NASA research a...,1554,0,2
1554,The nation’s pr...,1555,0,2
1555,This year’s Arc...,1556,0,2
1556,New York City f...,1557,0,2
1557,A study looks i...,1558,0,2
1558,Think we can't ...,1559,0,2
1559,On track for di...,1560,0,2
1560,Greenpeace reac...,1561,0,2
1561,The first Regio...,1562,0,2
1562,A team of engin...,1563,0,2
1563,A letter to She...,1564,0,2
1564,Knowing where e...,1565,0,2
1565,NASA is studyin...,1566,0,2
1566,International W...,1567,0,2
1567,"Samsung, IKEA g...",1568,0,2
1568,Paving the Way ...,1569,0,2
1569,As a leading ag...,1570,0,2
1570,New NASA satell...,1571,0,2
1571,A new NASA airb...,1572,0,2
1572,Why climate jus...,1573,0,2
1573,NCI Helps Estab...,1574,0,2
1574,NCI Acts as Lea...,1575,0,2
1575,What does the b...,1576,0,2
1576,A NASA-led scie...,1577,0,2
1577,Last week a Eur...,1578,0,2
1578,Humboldt Glacie...,1579,0,2
1579,In a series of ...,1580,0,2
1580,A NASA camera o...,1581,0,2
1581,Mongabay.com In...,1582,0,2
1582,After a brief p...,1583,0,2
1583,Part Three: The...,1584,0,2
1584,Researchers wer...,1585,0,2
1585,October 2017 wa...,1586,0,2
1586,Now that NASA's...,1587,0,2
1587,Greenpeace and ...,1588,0,2
1588,Deep sea mining...,1589,0,2
1589,A powerful cold...,1590,0,2
1590,NASA is sending...,1591,0,2
1591,Five new NASA a...,1592,0,2
1592,Increasing leve...,1593,0,2
1593,Conservation ar...,1594,0,2
1594,Getting to 100 ...,1595,0,2
1595,Securing Clean ...,1596,0,2
1596,A stand against...,1597,0,2
1597,Above Santa Bar...,1598,0,2
1598,Key Water Sourc...,1599,0,2
1599,Greenpeace rebr...,1600,0,2
1600,Media accredita...,1601,0,2
1601,A space instrum...,1602,0,2
1602,Fossil fuel pro...,1603,0,2
1603,Car industry’s ...,1604,0,2
1604,Scientists have...,1605,0,2
1605,New research us...,1606,0,2
1606,Record breaking...,1607,0,2
1607,Data from a NAS...,1608,0,2
1608,As the Landsat ...,1609,0,2
1609,EU elections ar...,1610,0,2
1610,To investigate ...,1611,0,2
1611,Why the whole w...,1612,0,2
1612,What better way...,1613,0,2
1613,A pair of new s...,1614,0,2
1614,Residents of Be...,1615,0,2
1615,The annual grow...,1616,0,2
1616,The number of i...,1617,0,2
1617,Part One sideba...,1618,0,2
1618,To better under...,1619,0,2
1619,NASA Glenn Rese...,1620,0,2
1620,Agricultural fi...,1621,0,2
1621,Ocean-winds dat...,1622,0,2
1622,New Regional Co...,1623,0,2
1623,Three-dimension...,1624,0,2
1624,Feminism and en...,1625,0,2
1625,Despite recent ...,1626,0,2
1626,A NASA spacecra...,1627,0,2
1627,In this new ser...,1628,0,2
1628,Northern parts ...,1629,0,2
1629,Global protests...,1630,0,2
1630,From the vantag...,1631,0,2
1631,Biodiversity lo...,1632,0,2
1632,"On May 3, 2020,...",1633,0,2
1633,February 2018 w...,1634,0,2
1634,In 2015: Nearly...,1635,0,2
1635,Renowned biolog...,1636,0,2
1636,Forests in the ...,1637,0,2
1637,"One small ""hot ...",1638,0,2
1638,"For kids, paren...",1639,0,2
1639,Earth's water i...,1640,0,2
1640,Why is the Arct...,1641,0,2
1641,Your Online Wor...,1642,0,2
1642,A new study fou...,1643,0,2
1643,You control ice...,1644,0,2
1644,Green Electroni...,1645,0,2
1645,Statoil’s name ...,1646,0,2
1646,NASA Jet Propul...,1647,0,2
1647,April 2017 was ...,1648,0,2
1648,The concept beh...,1649,0,2
1649,How you can tak...,1650,0,2
1650,The length of t...,1651,0,2
1651,A new study tra...,1652,0,2
1652,"2020, the year ...",1653,0,2
1653,The two regions...,1654,0,2
1654,As Earth's clim...,1655,0,2
1655,A polar vortex ...,1656,0,2
1656,A new study use...,1657,0,2
1657,Greenpeace prot...,1658,0,2
1658,Greenpeace Norw...,1659,0,2
1659,A consensus is ...,1660,0,2
1660,NASA's Tropical...,1661,0,2
1661,This week scien...,1662,0,2
1662,Scientists aboa...,1663,0,2
1663,How NASA missio...,1664,0,2
1664,A combination o...,1665,0,2
1665,No excuses – ou...,1666,0,2
1666,Greenland's gla...,1667,0,2
1667,The dramatic gr...,1668,0,2
1668,NASA resources ...,1669,0,2
1669,Sensors on thre...,1670,0,2
1670,Glaciers in a r...,1671,0,2
1671,Earth’s global ...,1672,0,2
1672,A new study fro...,1673,0,2
1673,NCI’s Land Purc...,1674,0,2
1674,Ground data now...,1675,0,2
1675,A space-based l...,1676,0,2
1676,The observation...,1677,0,2
1677,NASA's ISS-Rapi...,1678,0,2
1678,The climate gen...,1679,0,2
1679,Combining gravi...,1680,0,2
1680,The Jason-2 mis...,1681,0,2
1681,Atmospheric car...,1682,0,2
1682,A patch of high...,1683,0,2
1683,Climate science...,1684,0,2
1684,Greenpeace clim...,1685,0,2
1685,Jonas Peters's ...,1686,0,2
1686,No more blank c...,1687,0,2
1687,Rising temperat...,1688,0,2
1688,An ultra-high-r...,1689,0,2
1689,Boshumi Regiona...,1690,0,2
1690,Volcán Azufral ...,1691,0,2
1691,NASA is carryin...,1692,0,2
1692,Ozone stinks.  ...,1693,0,2
1693,NASA’s Cyclone ...,1694,0,2
1694,In time for the...,1695,0,2
1695,NASA has powere...,1696,0,2
1696,A space borne i...,1697,0,2
1697,NASA’s airborne...,1698,0,2
1698,Learning to loo...,1699,0,2
1699,Greenpeace Inte...,1700,0,2
1700,Data from ocean...,1701,0,2
1701,Plastics aren’t...,1702,0,2
1702,Serranía Incahu...,1703,0,2
1703,Nominees includ...,1704,0,2
1704,I made 1000 peo...,1705,0,2
1705,Disney Supports...,1706,0,2
1706,Public developm...,1707,0,2
1707,Why is Greenpea...,1708,0,2
1708,NASA Earth expl...,1709,0,2
1709,A SpaceX Falcon...,1710,0,2
1710,Animations we l...,1711,0,2
1711,Huamboya Munici...,1712,0,2
1712,Where does all ...,1713,0,2
1713,Greenpeace: Pro...,1714,0,2
1714,"Two tiny, cube-...",1715,0,2
1715,A new study fin...,1716,0,2
1716,"On March 15, 20...",1717,0,2
1717,The upcoming GR...,1718,0,2
1718,Why is Antarcti...,1719,0,2
1719,Through its Rap...,1720,0,2
1720,Shuar Communiti...,1721,0,2
1721,Expanding prote...,1722,0,2
1722,The floor of a ...,1723,0,2
1723,Between 2012 an...,1724,0,2
1724,Is Earth perfec...,1725,0,2
1725,Sunlight is a p...,1726,0,2
1726,Ocean measureme...,1727,0,2
1727,An iceberg abou...,1728,0,2
1728,Court rules aga...,1729,0,2
1729,Bolsonaro is a ...,1730,0,2
1730,Greenpeace acti...,1731,0,2
1731,When plants pho...,1732,0,2
1732,IPCC report mus...,1733,0,2
1733,Ten key points ...,1734,0,2
1734,Earth is a beau...,1735,0,2
1735,With one of its...,1736,0,2
1736,"Move over, prec...",1737,0,2
1737,Engineers at NA...,1738,0,2
1738,NASA and the Fr...,1739,0,2
1739,NASA and univer...,1740,0,2
1740,In 15 years of ...,1741,0,2
1741,Ecuadorian Gove...,1742,0,2
1742,Inspired by how...,1743,0,2
1743,Carbon offsets ...,1744,0,2
1744,Our favourite s...,1745,0,2
1745,The year 2014 r...,1746,0,2
1746,Nissan’s first ...,1747,0,2
1747,"This week, scie...",1748,0,2
1748,A NASA-led effo...,1749,0,2
1749,Oil industry gi...,1750,0,2
1750,Inaction over i...,1751,0,2
1751,New results fro...,1752,0,2
1752,While one scien...,1753,0,2
1753,To Robert Green...,1754,0,2
1754,A team of scien...,1755,0,2
1755,Connecting Ecos...,1756,0,2
1756,Atmospheric met...,1757,0,2
1757,Berlin court ag...,1758,0,2
1758,10 women from t...,1759,0,2
1759,"Clouds, which c...",1760,0,2
1760,Flooded cities ...,1761,0,2
1761,A geothermal he...,1762,0,2
1762,Not every place...,1763,0,2
1763,Vanuatu warns f...,1764,0,2
1764,Greenpeace: Ext...,1765,0,2
1765,Colombia Create...,1766,0,2
1766,Protecting Rare...,1767,0,2
1767,Earth’s 2016 su...,1768,0,2
1768,A powerful new ...,1769,0,2
1769,Over 100 Marsha...,1770,0,2
1770,"La Niña, ""the d...",1771,0,2
1771,The finding com...,1772,0,2
1772,As people burn ...,1773,0,2
1773,The fossil fuel...,1774,0,2
1774,Vice President ...,1775,0,2
1775,As political le...,1776,0,2
1776,A Birder’s Para...,1777,0,2
1777,New cube-shaped...,1778,0,2
1778,Amidst this cli...,1779,0,2
1779,As the ice-and-...,1780,0,2
1780,Israel’s month ...,1781,0,2
1781,IEA says no new...,1782,0,2
1782,Postcard from 2...,1783,0,2
1783,In the galactic...,1784,0,2
1784,Sidebar: Climat...,1785,0,2
1785,March 2017 was ...,1786,0,2
1786,Warm temperatur...,1787,0,2
1787,Starting this m...,1788,0,2
1788,New data visual...,1789,0,2
1789,After Californi...,1790,0,2
1790,Farewell to TES...,1791,0,2
1791,World’s first h...,1792,0,2
1792,While a high-pr...,1793,0,2
1793,A NASA study fi...,1794,0,2
